/*==============================================================*/
/* DBMS name:      MySQL 5.0                                    */
/* Created on:     2018/1/6 11:00:04                            */
/*==============================================================*/
DROP DATABASE IF EXISTS blog;

CREATE DATABASE blog;

USE blog;

DROP TABLE IF EXISTS blog;

DROP TABLE IF EXISTS blogComment;

DROP TABLE IF EXISTS blogGenre;

DROP TABLE IF EXISTS concern;

DROP TABLE IF EXISTS download;

DROP TABLE IF EXISTS downloadComment;

DROP TABLE IF EXISTS forum;

DROP TABLE IF EXISTS forumGenre;

DROP TABLE IF EXISTS `like`;

DROP TABLE IF EXISTS reply;

DROP TABLE IF EXISTS replyForum;

DROP TABLE IF EXISTS resourceType;

DROP TABLE IF EXISTS skillType;

DROP TABLE IF EXISTS topUp;

DROP TABLE IF EXISTS `user`;

DROP TABLE IF EXISTS collected;

/*==============================================================*/
/* Table: collected                                             */
/*==============================================================*/
CREATE TABLE collected
(
   cid                  INT NOT NULL,
   userId               INT,
   createTime           DATETIME,
   title                VARCHAR(50),
   `describe`           VARCHAR(100),
   url                  VARCHAR(50),
   PRIMARY KEY (cid)
);


CREATE TABLE blog
(
   bid                  INT(8) NOT NULL,
   uid                  INT(8),
   likeId               INT(8),
   genreId              INT(8),
   createTime           DATETIME,
   title                VARCHAR(50),
   contentPath          VARCHAR(1000),
   readAmout            INT(8),
   PRIMARY KEY (bid)
);

/*==============================================================*/
/* Table: blogComment                                           */
/*==============================================================*/
CREATE TABLE blogComment
(
   id                   INT(8) NOT NULL,
   uid                  INT(8),
   bid                  INT(8),
   createTime           DATETIME,
   content              VARCHAR(100),
   FLOOR                INT(8),
   PRIMARY KEY (id)
);

/*==============================================================*/
/* Table: blogGenre                                             */
/*==============================================================*/
CREATE TABLE blogGenre
(
   id                   INT(8) NOT NULL,
   genreName            VARCHAR(20),
   PRIMARY KEY (id)
);

/*==============================================================*/
/* Table: concern                                               */
/*==============================================================*/
CREATE TABLE concern
(
   id                   INT(8) NOT NULL,
   uid                  INT(8),
   byConcernId          INT(8),
   PRIMARY KEY (id)
);

/*==============================================================*/
/* Table: download                                              */
/*==============================================================*/
CREATE TABLE download
(
   did                  INT(8) NOT NULL,
   uid                  INT(8),
   skillId         	INT(8),
   resourceId           INT(8),
   createTime           DATETIME,
   title                VARCHAR(50),
   describle            VARCHAR(200),
   downloadPath         VARCHAR(50),
   downloadAmout        INT(8),
   price                DECIMAL(8,2),
   PRIMARY KEY (did)
);

/*==============================================================*/
/* Table: downloadComment                                       */
/*==============================================================*/
CREATE TABLE downloadComment
(
   id                   INT(8) NOT NULL,
   uid                  INT(8),
   did                  INT(8),
   createTime           DATETIME,
   content              VARCHAR(100),
   starLevel            INT(8),
   PRIMARY KEY (id)
);

/*==============================================================*/
/* Table: forum                                                 */
/*==============================================================*/
CREATE TABLE forum
(
   fid                  INT(8) NOT NULL,
   uid                  INT(8),
   genreId              INT(8),
   createTime           DATETIME,
   title                VARCHAR(50),
   content              VARCHAR(1000),
   readAmout            INT(8),
   rewardIntegral       INT(8),
   PRIMARY KEY (fid)
);

/*==============================================================*/
/* Table: reply                                                 */
/*==============================================================*/
CREATE TABLE reply
(
   id                   INT(8) NOT NULL,
   uid                  INT(8),
   fid                  INT(8),
   did                  INT(8),
   bid                  INT(8),
   createTime           DATETIME,
   content              VARCHAR(100),
   downloadId           INT(8),
   blogId               INT(8),
   PRIMARY KEY (id)
);

/*==============================================================*/
/* Table: forumGenre                                            */
/*==============================================================*/
CREATE TABLE forumGenre
(
   id                   INT(8) NOT NULL,
   genreName            VARCHAR(20),
   PRIMARY KEY (id)
);

/*==============================================================*/
/* Table: `like`                                                */
/*==============================================================*/
CREATE TABLE `like`
(
   id                   INT(8) NOT NULL,
   likeAmout            INT(8),
   PRIMARY KEY (id)
);

/*==============================================================*/
/* Table: replyForum                                            */
/*==============================================================*/
CREATE TABLE replyForum
(
   id                   INT(8) NOT NULL,
   fid                  INT(8),
   uid                  INT(8),
   content				VARCHAR(200),
   createTime           DATETIME,
   getIntegral          INT(8),
   FLOOR                INT(8),
   PRIMARY KEY (id)
);

/*==============================================================*/
/* Table: resourceType                                          */
/*==============================================================*/
CREATE TABLE resourceType
(
   id                   INT(8) NOT NULL,
   genreName            VARCHAR(20),
   PRIMARY KEY (id)
);

/*==============================================================*/
/* Table: skillType                                             */
/*==============================================================*/
CREATE TABLE skillType
(
   id                   INT(8) NOT NULL,
   genreName            VARCHAR(20),
   PRIMARY KEY (id)
);

/*==============================================================*/
/* Table: topUp                                                 */
/*==============================================================*/
CREATE TABLE topUp
(
   id                   INT(8) NOT NULL,
   uid                  INT(8),
   account              DECIMAL(8,2),
   createTime           DATETIME,
   PRIMARY KEY (id)
);

/*==============================================================*/
/* Table: user                                                  */
/*==============================================================*/
CREATE TABLE `user`
(
   uid                  INT(8) NOT NULL,
   userName             VARCHAR(20),
   userPassword         VARCHAR(20),
   nickName             VARCHAR(30),
   NAME                 VARCHAR(20),
   sex                  CHAR(4),
   email                VARCHAR(20),
   STATUS               VARCHAR(20),
   money                DECIMAL(10,2),
   integral             INT,
   `describe`           VARCHAR(50),
   PRIMARY KEY (uid)
);

ALTER TABLE blog MODIFY bid INT(8) AUTO_INCREMENT;

ALTER TABLE download MODIFY did INT AUTO_INCREMENT;

ALTER TABLE downloadcomment MODIFY id INT AUTO_INCREMENT;

ALTER TABLE forum MODIFY fid INT AUTO_INCREMENT;

ALTER TABLE forumgenre MODIFY id INT AUTO_INCREMENT;

ALTER TABLE `like` MODIFY id INT AUTO_INCREMENT;

ALTER TABLE reply MODIFY id INT AUTO_INCREMENT;

ALTER TABLE replyforum MODIFY id INT AUTO_INCREMENT;

ALTER TABLE resourcetype MODIFY id INT AUTO_INCREMENT;

ALTER TABLE skilltype MODIFY id INT AUTO_INCREMENT;

ALTER TABLE topup MODIFY id INT AUTO_INCREMENT;

ALTER TABLE `user` MODIFY uid INT AUTO_INCREMENT;

ALTER TABLE concern MODIFY id INT AUTO_INCREMENT;

ALTER TABLE bloggenre MODIFY id INT AUTO_INCREMENT;

ALTER TABLE blogcomment MODIFY id INT AUTO_INCREMENT;

ALTER TABLE collected MODIFY cid INT AUTO_INCREMENT;

INSERT INTO blog (bid, uid, likeId, genreId, createTime, title, contentPath, readAmout) VALUES (11, 6, 9, 9, '1787-12-13 19:42:30', 'QF3EKOHTOQ57BG8SDKY3HBFHHCU3Y8W6WHAAQQ 5I32LE0 MLL', 'GS17BCHTGJ82VQQDVPS23 ENLE0I05XGTKQ1V6AU2KM67 LR5T', 5);

INSERT INTO blog (bid, uid, likeId, genreId, createTime, title, contentPath, readAmout) VALUES (6, 17, 15, 16, '933-9-25 9:40:18', 'XPEE3OWOU2UP1F8F062XB6V9GRMS6XCF4B4PXO18SIGQ98BLD2', '99AMK4DM DHQIJPY A U1OHIDOF34BJWSIUT7T8WHCGHJKXU6X', 8);

INSERT INTO blog (bid, uid, likeId, genreId, createTime, title, contentPath, readAmout) VALUES (10, 17, 9, 7, '990-8-29 10:33:46', 'UJYRCQ7BFR4SGWIEG7F49CV17EJ0664WC4GBXPTW45EX5JNG30', '0KCK73IYSQN9KR5R3VLAXFC8MNEKN0G 7T3B3XNECSOE21P07F', 7);

INSERT INTO blog (bid, uid, likeId, genreId, createTime, title, contentPath, readAmout) VALUES (4, 11, 16, 10, '507-7-7 5:30:22', 'B88409C2XQA4MSOHMS07J5YHPI2OR3LNFN3HPW4GQTG60QWRDO', '4LJ20YIUO3FXIFQC78IA1D4HU1B4JDCDB9LLKHMV39AWRCN5V5', 3);

INSERT INTO blog (bid, uid, likeId, genreId, createTime, title, contentPath, readAmout) VALUES (9, 4, 3, 16, '1095-10-26 12:0:34', 'G16S3KTB8GRUGUSOC54OKGDBXTXVYBS GT9KLIRK4Q5C4MI2XJ', 'DIDUIW7D78QFOIY6YHCYNWCDG3QMC4DH 30LS3ES0PT5TAEDEJ', 17);

INSERT INTO blog (bid, uid, likeId, genreId, createTime, title, contentPath, readAmout) VALUES (18, 9, 0, 3, '725-3-3 7:41:45', '3BRCDQDDSBQU38NUX7EMP3K967VBX56X4LKLI5UWM9 API2B1J', 'R21GOOCSRXJBMUXOTSCOND7 EQAC0W6OLTOK7 WNQVD2W7SMQL', 14);

INSERT INTO blog (bid, uid, likeId, genreId, createTime, title, contentPath, readAmout) VALUES (3, 14, 18, 7, '246-9-28 2:5:21', 'DMX7UFO6YHJQTDCCU M4S84UDV5F540CADWSMJ5WH1Y60OKEAL', 'WTP56A2QOB9PL78F8J7INB2IUMPAN6I82YHKNL0QF1PCE6M39Y', 10);

INSERT INTO blog (bid, uid, likeId, genreId, createTime, title, contentPath, readAmout) VALUES (5, 7, 15, 3, '837-11-22 9:1:48', 'EEGNV5FUL0IW477ICH50O1DVXMYJ3VBTQJJ9JVKGCK47JQBE1B', '4AVD9SAP2T4QJWYQO1U0OSIE9XCQM0ORNLJBT0C3FIHCE G4TQ', 11);

INSERT INTO blog (bid, uid, likeId, genreId, createTime, title, contentPath, readAmout) VALUES (12, 8, 11, 15, '1164-3-4 13:10:58', '8TH6SY8PD8OO2FBE9T7AKP92II3L7TMX8QDU5MHHX1O48SU4D4', 'JYTOIHBBBH97NHQRX0LDIO3T890PIVY2EI6SV0HYCL2UAB4RI6', 6);

INSERT INTO blog (bid, uid, likeId, genreId, createTime, title, contentPath, readAmout) VALUES (13, 6, 2, 0, '318-10-12 2:54:1', 'JMUOJ7RR18OJ0XR4G XOMK0YBU7WEOC43IYVRIM1KFPWJM4ESR', 'L74KUPMVH0CE3BPX741VBQ1I42E 18HLO1OGV MMS6GOMLGI8V', 18);

INSERT INTO blog (bid, uid, likeId, genreId, createTime, title, contentPath, readAmout) VALUES (19, 18, 4, 0, '1294-8-15 13:51:18', 'RHVCO1OPJDIP9QCRNEW9GCQ7GPW3908OGUY0NBTWYB2RXWNHRW', 'LJLAOND91O2PL3ORVMO5TXURD7BRALJJB1M36GM5D66FEJ9HJR', 2);

INSERT INTO blog (bid, uid, likeId, genreId, createTime, title, contentPath, readAmout) VALUES (8, 8, 17, 18, '436-7-27 4:36:29', 'OKAOI1QJRDVKTNAU4V6UTL2672THGO2W8Y3ULATOU6X6L9F 6B', 'AKHAFLUYEHHJ8W4V3C5FNOORTFYS1OO72BI8ATTIG60RF01321', 0);

INSERT INTO blog (bid, uid, likeId, genreId, createTime, title, contentPath, readAmout) VALUES (17, 16, 14, 12, '372-8-22 3:59:36', '7B23BXOQYKJ2O3K6WGTLCHRRXYMOJQLXUJ6H577P6KB3GG7V4M', 'U554H8QJ1RK0DSTCHA0TBXI1HN28B91 34N0EY7D4E8H TOAM0', 4);

INSERT INTO blog (bid, uid, likeId, genreId, createTime, title, contentPath, readAmout) VALUES (1, 8, 14, 11, '601-12-19 6:58:6', '58SRHBJ6HDKL5QB4NP3HG2HQBCXS4ERGJQURHU41N3KN HIOTV', '49JTY35P17AKWQIYN68RSAAODBX7AMT114WCN4XE4SKLYNA9JQ', 1);

INSERT INTO blog (bid, uid, likeId, genreId, createTime, title, contentPath, readAmout) VALUES (7, 9, 16, 18, '1422-9-25 15:20:23', 'WTLMJB OPCOYK3RWBAK2OVLSSDMSYVYHHT42OMP9M0MJVQJT6O', 'X4KHAL84UCNKL05MV6TNF8 6RJWTAQL0KXYWI7XPI7554KMB6I', 12);

INSERT INTO blog (bid, uid, likeId, genreId, createTime, title, contentPath, readAmout) VALUES (2, 16, 8, 12, '76-9-23 0:40:46', ' ITXMSKY20TF88UI0TU RIM24UPJIVKSDJVLXNIYO8Y0P68LL2', '22TS8VR4V71 0QFNS90JJ5S9M6BFO N3HF1NDMKLCGPTWTXBB2', 16);

INSERT INTO blog (bid, uid, likeId, genreId, createTime, title, contentPath, readAmout) VALUES (15, 2, 14, 9, '1520-3-25 16:45:54', 'PQB4UHQFPS6PQ2S6S8O79J9FVFEL06NSIAG4KMHL8Q195DOD78', 'IQ0UTJB7MBCP95HONESEBPB14W9GNF7MFW6HTJTM70KV7JXISQ', 15);

INSERT INTO blog (bid, uid, likeId, genreId, createTime, title, contentPath, readAmout) VALUES (14, 12, 8, 12, '197-5-6 1:17:20', 'VMQFYAOF61N0BS815R6HPF9PDRE7XRC1IBVTD99UUEVB5LHGDL', 'TKCT29S208A3H0Q8T16C6KXA83QK3CD9OQ4OC4V4YVRVN24VLP', 9);

INSERT INTO blog (bid, uid, likeId, genreId, createTime, title, contentPath, readAmout) VALUES (16, 17, 7, 18, '1648-5-17 18:13:7', 'BJ8TE HP8KSR53FXVGHM0J3THT5JH0UGPS9D  HVK YM9YCI1N', 'GLU 8 3CB2NHVRHP9QAF4VUG3WJFY24 CDNI9YUTMGNWHWAPKU', 19);

INSERT INTO blogComment (id, uid, bid, createTime, content, FLOOR) VALUES (13, 6, 13, '926-8-19 7:4:18', 'KA13QP5OATDSLU7K7GP9VY BY4DRT601G4ESPXOOSEFV4L8O8G23PN09B Y7RPUAA E93UKU9NT32VJFXRG8I0IM4S5F3BDMJJB0', 12);

INSERT INTO blogComment (id, uid, bid, createTime, content, FLOOR) VALUES (5, 17, 5, '1996-3-13 19:9:43', 'KN69SJWL9CBJ9UNNKDN4ATDLUB 0J4EH2UGB9N2CTV78WVE7H84XN01NA3OVDP 1S0VYC9RC7IH4BMKQ2B5LQ LIYAVXXXDW8WED', 18);

INSERT INTO blogComment (id, uid, bid, createTime, content, FLOOR) VALUES (9, 7, 8, '1757-10-30 16:13:4', 'GBGG2DU4TK XIEI5VYIYPLNGT3Y86EKAUDNEESLQEVIE6JGW7VAQMYJ0H535PLGSHQVUGAKOWA2NUSUOKAIG4ELM5P8J5PLC77ND', 4);

INSERT INTO blogComment (id, uid, bid, createTime, content, FLOOR) VALUES (16, 2, 10, '576-5-18 4:55:36', 'RF28Y8L3FJ0NOGQMW5GPU0UB546UIFMG6200WT3376TG 7JOWK93A0FAKCSLSJEIR3S0XSJVRCQ1P3LYD7O029G3M2NB6GMRXOBO', 7);

INSERT INTO blogComment (id, uid, bid, createTime, content, FLOOR) VALUES (1, 17, 7, '211-1-20 1:59:31', ' K JWSOUWCLOTPW2I0ICS6H3JOYGA03US7H7PG3PCR612XODR46KTMHHMD6OUK4SVE5RMF2SLW426VABP614PLGEVEYGTVX5JI33', 1);

INSERT INTO blogComment (id, uid, bid, createTime, content, FLOOR) VALUES (14, 3, 11, '1306-11-22 12:3:46', '9X2S2V5QJOHR0CSCSEP6I85NOPKYTMIYMC7PVJ3VSON 6I3HNI2IM1I48WNPKEJ1W82 XCSBVAMOE5ML6KWM0KWMKJA9H6GXMBSG', 11);

INSERT INTO blogComment (id, uid, bid, createTime, content, FLOOR) VALUES (4, 18, 5, '1631-11-21 15:27:15', 'YF1OY5SVQH5SIB308C6Q0S5WWXH2MF1EFLRLL2210AGY3Q4MQGA070EB3CXWXM0HN9WJIXW4S3BXNWXUMN3W1PSK Q3OX1FRMKCX', 3);

INSERT INTO blogComment (id, uid, bid, createTime, content, FLOOR) VALUES (19, 11, 2, '1211-4-19 11:7:17', '3NIQSHNDQYLA64L7Q4H3RXTBOTQE99WALJB8SBCBD98NVE0BAY5UEL0RNM9MX8I2J25N0RQLR2VDMH0DTE3ERT6C2GHO51QA C16', 10);

INSERT INTO blogComment (id, uid, bid, createTime, content, FLOOR) VALUES (6, 12, 5, '1411-4-30 12:52:50', '2 HDKQO6A039UCVD7USYIYLC0WB5S21W DUB5CTS2Q5DIE1AC4RW9HR9Q5F5KN7T EJFRIITDKQFWQ7N09OYD28Y 9W8O4PVLQU4', 2);

INSERT INTO blogComment (id, uid, bid, createTime, content, FLOOR) VALUES (2, 3, 4, '342-1-23 2:36:41', 'BL0RYKULR7 RGXJ6RD9XKX0SD7MUN6K8LLL0S03EPE1X22W50O5IOWLJK96F7P2 45KY67JU1H3BMQWTK 80P6 P19KBOH528K9Q', 16);

INSERT INTO blogComment (id, uid, bid, createTime, content, FLOOR) VALUES (3, 12, 19, '1095-9-17 9:38:12', 'PRSAYAT0335IOXVLDV3TAW1 OQAH S3J7C1IBA0YTJTZ9SFBO8DVMIUW6XDPAGEEUT OUOG3CLLD5IB8WRP852ADEOVMTTO9 7TE', 13);

INSERT INTO blogComment (id, uid, bid, createTime, content, FLOOR) VALUES (12, 3, 0, '475-10-29 3:51:7', '09Y6KWQAUO06LYNQQ8QOTPRHYTDYCMAO3ICYKB PPK  KM6K19I 8XMY 1Y9WGOV5IJ TSMYT3REYNUBG40COEG5VP UW4UUY2FU', 14);

INSERT INTO blogComment (id, uid, bid, createTime, content, FLOOR) VALUES (18, 16, 5, '807-7-13 6:6:21', 'NS5EQHTG7MTGF7L8E89XTDF80C2TBWJBY97B8XRCW91JUX NQ KQL443D9S96SSVGO727 RPGLHXG0OYOY44OJS7GR9 D8WDJWVR', 9);

INSERT INTO blogComment (id, uid, bid, createTime, content, FLOOR) VALUES (15, 1, 18, '1-1-1 0:0:0', 'K4HQIVNFYHS8B3DXYF5N4N9104GB0VFW1LNJ0JIBV3EE2FDCXBYHGX1U  24WUOG35 465L8I7MCL8M10EYQSQEB 1E3H1WPXCAE', 0);

INSERT INTO blogComment (id, uid, bid, createTime, content, FLOOR) VALUES (7, 12, 4, '673-9-3 5:31:57', 'IG 8XUNSUW70CFY6SFONH43FE YFMAC6UB9S OMH1 RPTXRODEPKPRV9HA6R0T177RLRB3TXQ5C 508USCW4O4HNWRI8MC74Y1KF', 17);

INSERT INTO blogComment (id, uid, bid, createTime, content, FLOOR) VALUES (8, 14, 1, '1883-6-28 17:42:47', 'C1HNOBP3UG9AH 5R80PH3ADUW0RFPGFH97V1 G O6QRJ89 FXYBOS0OW MNMFKV11WCD0QXU6XPX49AE525WY507SJT09 5JF28V', 19);

INSERT INTO blogComment (id, uid, bid, createTime, content, FLOOR) VALUES (11, 1, 13, '136-3-12 0:34:49', 'DJS1OT1SG8OC243VW5BY2WAUPK2W0CWM BD5ARTDVL4ELM047J6OBE2CHAWG30RO2P GFV2Q9W83GNV4N2OFTH7JP9IWS 9X4IGN', 8);

INSERT INTO blogComment (id, uid, bid, createTime, content, FLOOR) VALUES (17, 13, 0, '1519-2-18 14:18:9', '9VUXSU5A4YLAFLGJM5TEMTADYWW8WP8UP49VXAGCVY7UW6MUM61TUD4E9 6AFE6IJNHFFAD TRP R WJDV MAJGW64LR1TSKA7NB', 15);

INSERT INTO blogComment (id, uid, bid, createTime, content, FLOOR) VALUES (10, 4, 10, '926-8-19 7:4:18', 'B KCQ24U CH9DAVG4297YWQ6DG D83 6URA 9AKETS4 Q2VXQW23JI70ATALGBOLO3BUTG6JSY26GLAKW2UOSUNM PRETJ2 LMY9', 5);

INSERT INTO blogGenre (id, genreName) VALUES (6, '72CMKFBK7PORTBPPBLIY');

INSERT INTO blogGenre (id, genreName) VALUES (7, 'XOBGOKW OWSGWXTJ283F');

INSERT INTO blogGenre (id, genreName) VALUES (2, 'S156 8PUP1F29VR1OS75');

INSERT INTO blogGenre (id, genreName) VALUES (10, 'SS3OXP372B7LVCWBYYJ5');

INSERT INTO blogGenre (id, genreName) VALUES (12, 'IOBQ1P1SO28RA2BLLIQ0');

INSERT INTO blogGenre (id, genreName) VALUES (8, '0VXCL5KBOFDKQVK83IOY');

INSERT INTO blogGenre (id, genreName) VALUES (3, 'QXF59QJSTT8Y4Y6EY8MM');

INSERT INTO blogGenre (id, genreName) VALUES (19, 'HOPW07FVYUB346A19JV4');

INSERT INTO blogGenre (id, genreName) VALUES (11, '2HC7DTAS2N433UFN96OI');

INSERT INTO blogGenre (id, genreName) VALUES (4, 'DYN8U1HL7Y3KPMWB6KDO');

INSERT INTO blogGenre (id, genreName) VALUES (1, 'VQE3MS59CJ9KFQ3JVXWF');

INSERT INTO blogGenre (id, genreName) VALUES (9, 'DAL42NYGA14481XIL758');

INSERT INTO blogGenre (id, genreName) VALUES (16, 'WR4QWAIMNS79CG44F1DE');

INSERT INTO blogGenre (id, genreName) VALUES (17, 'QEAPSARCWGI0NXR5CIQ8');

INSERT INTO blogGenre (id, genreName) VALUES (5, 'M 46EMQOX3T33I5N2QBG');

INSERT INTO blogGenre (id, genreName) VALUES (18, 'EG791LL E51N43UDXPM ');

INSERT INTO blogGenre (id, genreName) VALUES (15, 'FRMUTTBWX6V7U 2U7M8M');

INSERT INTO blogGenre (id, genreName) VALUES (14, '709NW5CYRE67HMISS2WA');

INSERT INTO blogGenre (id, genreName) VALUES (13, ' V3 B38H76IYBPU4KJVL');

INSERT INTO concern (id, uid, byConcernId) VALUES (9, 19, 14);

INSERT INTO concern (id, uid, byConcernId) VALUES (6, 7, 3);

INSERT INTO concern (id, uid, byConcernId) VALUES (1, 16, 8);

INSERT INTO concern (id, uid, byConcernId) VALUES (11, 15, 12);

INSERT INTO concern (id, uid, byConcernId) VALUES (12, 8, 17);

INSERT INTO concern (id, uid, byConcernId) VALUES (4, 5, 10);

INSERT INTO concern (id, uid, byConcernId) VALUES (17, 0, 13);

INSERT INTO concern (id, uid, byConcernId) VALUES (15, 14, 15);

INSERT INTO concern (id, uid, byConcernId) VALUES (16, 4, 9);

INSERT INTO concern (id, uid, byConcernId) VALUES (3, 1, 0);

INSERT INTO concern (id, uid, byConcernId) VALUES (7, 19, 1);

INSERT INTO concern (id, uid, byConcernId) VALUES (18, 1, 2);

INSERT INTO concern (id, uid, byConcernId) VALUES (8, 17, 16);

INSERT INTO concern (id, uid, byConcernId) VALUES (10, 15, 4);

INSERT INTO concern (id, uid, byConcernId) VALUES (19, 11, 18);

INSERT INTO concern (id, uid, byConcernId) VALUES (13, 3, 5);

INSERT INTO concern (id, uid, byConcernId) VALUES (14, 9, 7);

INSERT INTO concern (id, uid, byConcernId) VALUES (5, 9, 19);

INSERT INTO concern (id, uid, byConcernId) VALUES (2, 15, 6);

INSERT INTO download (did, uid, skillId, resourceId, createTime, title, describle, downloadPath, downloadAmout, price) VALUES (1, 16, 7, 11, '142-3-5 2:22:49', 'S111UK9O3MQOBIFDO1L38XMVVJ RJ0XRD0F7050K1EMDEDSMG4', 'V4RNUD3UX1BK4T2N7ISJ657RWXN7EHHVOPXV5KE1GCV4C0K4O9X9NYGIAWM65P70EYW4 CEKHO2S3TGH6DGD5WHMUXTRL8UHJKW0RPEWUN9QAV9E8O7RBCC W9LVAJBWJHAOAFAID5 J7G7G782T7FUOQFNW9V5WP LST3NYPEYGJQ6ACG6H86CPFAPSX9J6CJHK01PR', 'TRVEO6R3DJT0OBUT6EFUVNKSC10AEH0AKSTBUCGJQ9OX3NSQ R', 0, 0);

INSERT INTO download (did, uid, skillId, resourceId, createTime, title, describle, downloadPath, downloadAmout, price) VALUES (7, 12, 16, 1, '873-7-21 9:3:44', 'RXCUT10OWVPL9RQIM4M9EUMQHAC41ML32KE05B6BNSLLHNU0EK', 'GT05EMNLW0R899W41WO13HCEJ0UQUCEI475WCRU3YTA3H791JPON 51BDFMLTX7U4JIGAOKJI4BJLBRMSDX58KUOT6 VRHDDR5F4JMBPIFJPNNHYKTTMUYJAQX8Y HQS9ODQUL8FPJV4312BIAWOB6L VLUP36TSQXYODG5HWHCYT6VV7AWFH 5LXDFH6JS573 UNQHT', '5HPBD4H7AKYNP6SY1KM6OXWOBPAQBGUKO 6MEFXLHDU0DVNTY3', 3, 5);

INSERT INTO download (did, uid, skillId, resourceId, createTime, title, describle, downloadPath, downloadAmout, price) VALUES (15, 9, 4, 15, '1234-4-25 12:53:56', 'LLMBOBDI2BO4392OK4PPTEH0Y3KQQH 5DVP37GQ 3L464DMQPX', 'ON6U3GWW5NMKKT 1IRS7QGGLNLENNVE9MOP M2SNQF598 K73KSDOFBYV693P0MT4FF3G VI8 M8KI 12SKX8WJ2NTUMM3LEK50F4 3RVYDS18 KQSDF50VRMSKBKTE17ABRIL3TRAWOJR RB6LVINS DO O3PSQ7M9FX553W4U8BI1OXVRVUKEMCBUT815LM5183Q61', 'A59W7XOVS6WSIQNOEKX 5286Y4EBKKFOQQ D6N0TUKWVYM3Q55', 14, 19);

INSERT INTO download (did, uid, skillId, resourceId, createTime, title, describle, downloadPath, downloadAmout, price) VALUES (18, 2, 10, 15, '1661-8-19 18:5:26', 'HEHH1U48EROH265ULJDYGDMLO30Q4 98EXWMDB56ON13MVQC79', '80 A3NWEM1NJ29GMXTYDDWJNH8WL49T3LOA9Y4X1942IH E1ELFFA3O2LGBEJE9RO6V2FO6PQW2YUTATYBER7BW SPW2BLFM5U04DTCLSCUKALU2O08HQW9KS5DMR1X7K93F5URW1TPLCXHUKVFFV3F347OILSW5CDRHHUFU2U5T 889JFNT3TPQDMWT1MA1WAPCHP1P', '7CR1I8TN4S1TNWJHKIJ10N9LL2B8F5RDECIGQIMATSQT93XWKT', 18, 18);

INSERT INTO download (did, uid, skillId, resourceId, createTime, title, describle, downloadPath, downloadAmout, price) VALUES (9, 5, 6, 0, '1325-11-2 13:55:57', 'G3Q4I KG66AIFSB2YF CQ45NEW33L598XSBIAHX5B292 IWVP1', 'BCUHJNTHEIPG6V4TWE81K3KJGITJO1VR5FMHR7JNV8KPFSBM2U3C8KYD6Q5819XCVJD5UMH0LXDEFULI2I AC7A970X0VMTTMEAEDE9S29E 86WU28N3PW2YGLI2 2VKJ LLAV99R73CCMU126WEHDF7T3D2HE 0KKQR04EP X1 LWQJ0QSG927V5D99 5SLLPBCB0CH', '3SV9MX80S0JLDCJ2BSQU9PL5JBCDUMI W51D2AVPTYMLN4KWB2', 10, 15);

INSERT INTO download (did, uid, skillId, resourceId, createTime, title, describle, downloadPath, downloadAmout, price) VALUES (6, 18, 16, 1, '1724-5-3 18:52:21', 'PJ6AC9F1DLV5GNFE7J4TRB6BLAD7TPB2UBIXQ907OTD8E0PVX0', '0Y V8EGSSLG 39US4JYEENJTH83CF7EY02UJ CM95R7BB0HUB1FS6 45XAXDX5II0BO1WRGJQGK7R4WXBKV82446I7VFT1AK 1Q HFV55941N7J0G4K49NRGRQ66JU LUWCFMWEPTYPPLNG15XX9C3XM5T7RXDI2CR33MJ9S6N8KNLG1KKN5CN59 OGU67HJ6TM36HC3', 'QT6MIXEIAMR7S42WGGFEJC LCH VDKOTCRKTKHHA KXCQGXDGR', 13, 1);

INSERT INTO download (did, uid, skillId, resourceId, createTime, title, describle, downloadPath, downloadAmout, price) VALUES (8, 15, 19, 8, '608-10-27 6:55:19', 'TR1DOD8JQTL76R2UEBRS6JO2HBL2PMDKV4K3Y5J UAOASSG54S', 'HQUK71V1WVEOODM3IUNLXM3JXKT7EL4AYUR74OU45X7C407SV3LS9S9N4PNNUMT3O EHO11CA426Y7E25KAPMLIH4BA6E 89NBDWGETV658OR9DQ9MW3TQ1OAO13E VKTEDJLU9VLX5XLDXK4VPB5NQYTEEALMWT  A0H80I7QBKVFJDG978AL2YTD 25Q3TV66E16F1', '834F0 SADROYU4MU83LH3WPN7PJNYCSAL4GRRQDVKY7CCL0 NA', 4, 8);

INSERT INTO download (did, uid, skillId, resourceId, createTime, title, describle, downloadPath, downloadAmout, price) VALUES (12, 18, 5, 17, '65-3-22 0:54:44', 'P42UGDDBDWJOSIFQ4F86BJ4JF4TFJ NOQY1BGLR93TEIW1AGDP', 'K2FOH6D0   89L9HCPKDKVXI3A8FJ4IO6PEYN16E9KT8MG39CU4MUHHR8YT7N8XRGQ7L2CEFSROP7R24NJORBOLHQ4EIGIYJNJ1BR451 MMLBWCW SJBSFMPWYPLHQKF0Q8E86695HWGO0OF1U3AEEPC1YI7MFFSL89LC6X2H WCC1JMD9X8R6JI9USN6WR0G8R8DGFI', 'DUP8332 CJR9LWBCAEBY0WUOH7VBBW 8LSXP9YPX6A6XF6VN9P', 16, 16);

INSERT INTO download (did, uid, skillId, resourceId, createTime, title, describle, downloadPath, downloadAmout, price) VALUES (2, 6, 6, 7, '471-6-29 5:50:20', 'YHP NL472F6VME07KRKA14YGP8U2V6UFNLBR5HVBI5P5BBI2AI', '3 7SVO0FFXR9U K7POQTUAJJI9J718EO1OIY6GWRMXFY2WTJASK2SGCVL1KVFG9N7JPGKMMN7O0H6S MYSSBH2EIFMX41U1LGASGR883DWOJG9GNFIYYXKNYNDWGSXENI YOX4G58HRBGQ8RF5V0E7NTTUXT 0P12VJDLYPWRRSJ8E16L5GYO LODYKPD6  ML19P20G', 'VC Q871DA0U2 SUSK8M1YBYC2V8HDXUBQ1XMET8XNU7Q4YMNI8', 2, 2);

INSERT INTO download (did, uid, skillId, resourceId, createTime, title, describle, downloadPath, downloadAmout, price) VALUES (5, 0, 10, 3, '1594-12-29 16:49:34', '3XB 2P1D3BCU1H1M372ASFBFUXNW610EPMAWHQ31K9EEBY06HC', 'OIM59L RC1VR3 CG0WO1JXGO9E4R2DNA4 3XRY M3KYUXB2VDAP8HWR7520TRKAD9LIN4O13K46T1U1VTMU1YG2OE2RPMH8YFLHS9DFMQ3KW013A6TSNH3YKWX0WF 6DVGRADH2NG89VV7N 6 AU26PBGHGECQD RY8O79KPGGM  CWSEJFX3U7GSW0S16S646Y2TP5A', '4XAWKEL E0L4K4GS JMUD73JI0GLAEUQ1 ULQH SNNY6PBOTM8', 12, 14);

INSERT INTO download (did, uid, skillId, resourceId, createTime, title, describle, downloadPath, downloadAmout, price) VALUES (13, 5, 14, 17, '1134-8-24 11:30:28', 'E1UXRMP38MTUOUHCD 31QWM7IUYALE91WWXEBMSAB 6KFQ UKD', 'G2336BKOC79OCY1JHIQ4HI0DYG60OLQYYKBINO4JGY5I 6F541U03PC24FALPHUBHS331VND21J9N09V2FQLPLOQE SJ6QP0EUDAD0V5E10CBN2DPXVKJOLVIADYTG6N0491338 LQDQE519A1 49CC20UWLQLSYI8 S0TSVP9IVP90BWMV0WPSVEEDPGSQL 60JDO7X', 'WLOUYE8NSR6DU72DF74VMA76J3KE9YR8UG7SQ57CIFH7XRB0HN', 1, 9);

INSERT INTO download (did, uid, skillId, resourceId, createTime, title, describle, downloadPath, downloadAmout, price) VALUES (16, 1, 14, 12, '1404-7-13 14:42:34', 'RB 4Y7Q75600NWX1SOJX2YSJXIII3ML87M2EP3SI0JK68DHM6 ', 'P1ITILJ8NOLGVMHW4YX1WKSDF6VUV0XAEON2DJQRHN8A3TNTGVWXE4I1SPBQJVX4L59PD7FP944URQ4BMPR6PJ0FVK7UU4XM QYCXI3VS3QYLME1SB46XM3BFUM9ND8 3WD4X6W6OPO1NJPTXWSTNY8N1VQO91WIFFFOKPLGLHP0E8TC VOJUWIAAAV9BDIGDG48JCMM', 'A342M13YB44HOWPW1715RFPMDRLXAN3UP167WK0Q0JG94AHA3M', 5, 11);

INSERT INTO download (did, uid, skillId, resourceId, createTime, title, describle, downloadPath, downloadAmout, price) VALUES (19, 16, 2, 8, '1829-8-27 19:36:48', '7FVD8TKBC630SR389 FG3VHORN1M8UNR9PYIUGKUI8R257 Q3M', ' 7TCQC8GUYWATNQ7L0MQYAG49AMHX43O9X1YY83 85PKD5CBC8KCMLMW8LAQ5XRKPYMGR06RSQIEP3DNRFLVATP5GAKR5C1AKX T9O R49UCD0L80CMO69X9XJ3U6R XXQONYWKTNLHID5E461UJ228PKWPWXCCJUKF3R6PYRT9H3MUE9SIV239Y72C9H2I77V2Q0SU5', 'Q9K32HS9LTWQ2RQSNBGTCLMXJN7CP55SPUQB 2Q5S3IKTDOSLJ', 11, 17);

INSERT INTO download (did, uid, skillId, resourceId, createTime, title, describle, downloadPath, downloadAmout, price) VALUES (11, 11, 4, 5, '278-3-13 4:20:36', '2RODJ29PIMK QOQQG6I1A9RO7NCSB17M0485YKX6H4FAUTV3XY', 'RE7EB8N7393KP07IK54VEOG3WEORGT1DU K AM5OHA62WA0WAFB5JNYEM6DX620R2JMFM8D052JC047PXIB47CA92HKER76BFBWGA70FO03WRJ1IYBQ96SIYQXO 5KK7VU2ERJF5KUWRBCCYP ALKV9P4DEYPDVK7 X V JG8M6I84OPG WQV8VVLYK66LHK3RHMT22P', '1MTM0WSJFONYYP3UQTII056XT7DPQP7LWMR 1DUFRR8A6R6OI3', 19, 6);

INSERT INTO download (did, uid, skillId, resourceId, createTime, title, describle, downloadPath, downloadAmout, price) VALUES (3, 19, 13, 15, '746-5-2 7:52:41', 'RA01 5YEPUG8FTYK4FG9NC6OG4BE2WC6RUWX7QYR7PQSOK4SDE', '0KC7G68GD2KR2BAPF42 Q DF8KS4A3964AXJFOUWJ8KAIA6LSK29Y18C427XA73AONMLUJ TXR7JW6TYR9UGT2EN675YC97ERQA3XGU0G805HQ55CJTIP6ULS76O8VT090X99X79WJNDQHROGWLXF86J6J31BJXI34OUU6JFYS  PTW0V7WO5VRUI RM7H2GY3X3290E', 'C DA00YIJTYHTMM78UBHG8JU NCJDBEHTQFWKLH1NTDFXG9LWG', 9, 7);

INSERT INTO download (did, uid, skillId, resourceId, createTime, title, describle, downloadPath, downloadAmout, price) VALUES (14, 13, 7, 12, '1-1-1 0:0:0', 'CGLY211CTV Y5VEE7AUE119NLFDK5FDIEBU4VNEGA85M4HNHDK', '8F 8PSJNBKMCJKHXUNAG NHDK44VR1C3A4R LB64EEU0JH 64TV56V3RGTVI520GIVOKI221NCSALNI1A5WSNPFA4Y0WSQ3F7Y4V1I3 IDSAKU022KW1PIPIXMGES8B1OXRA8VSMAQEPML0Q57J22ES479B JI4C KCTH6CK9Y9RF9SL5LPMU97T3GU3VAJD81SWM8LL', 'V7FJ6755D8QTWPE5OWK61AVRO 3PNP3 EOG25YL 8EY6NWJY03', 15, 13);

INSERT INTO download (did, uid, skillId, resourceId, createTime, title, describle, downloadPath, downloadAmout, price) VALUES (17, 4, 10, 19, '1011-3-6 10:3:28', 'W3FFLQ8W3SQ6WIJ9N3XM4X9HAEPI16FJADANJLS8I2S B PVLB', 'JU951Y89KFDXKT59Q7IR13B8CO5JTL3D7GE6WLVBSRPQ4JF94QTJQ6S377QAROYP87RMVUWF5W1DVOIJ5JIFYN11KJU8GK1CGOPT6678VFTPJ8MYOEI27CPC3Y4YC7R5NVPLIU9H19O1A2HBFEUKDX46DW7KABB IYCE V9XQHEBORLI0VOLORCTV8 SIDGPMEE5011A', 'TSK POL7JG4SAM07VIE4 YGYJ5V 7PJ9DOVOG0MOBXD2LME8SO', 8, 4);

INSERT INTO download (did, uid, skillId, resourceId, createTime, title, describle, downloadPath, downloadAmout, price) VALUES (4, 13, 9, 7, '192-2-17 3:11:26', '2TV1046A5CHYAW6 NYL0YJH4A3WENYFTFXY7OXOR68LCPNV7WE', 'UMWYNO2GYGDBU3 K10GSQMN9H1U9I 1E9BCXJ0O1Q2HHYWCP3KTAY6YLHVPQS0G3QLWP5OT9PWNCHXFLALEKPT6NXAA3IC17VR1CNDM44GONDPUMPYODT6OI0UYDTVAOACADNNTN4GJRXLV6EWA3LMK5VG967B9EE7EW3RRWSXEGTOFR9W1IQCKOJCYLL6QDNF8JDSKX', 'J2OF9G AX2A6CGFGALR5Y4J0W3Q61DI1MVKSUR UM283DYCAMP', 6, 12);

INSERT INTO download (did, uid, skillId, resourceId, createTime, title, describle, downloadPath, downloadAmout, price) VALUES (10, 4, 9, 4, '330-2-20 4:50:17', 'VXBA 8JPJB3N25ODASB VXU6MVB2WVTT58F65AEMT9PBKESCI7', '48K67T4S4OV2BB08XWU9BQ5J9HTFCLWX YFTMQ6RQCXNVA0VWX1D30JXF0C85R4 5YNS TK9P6HPAP7U5FNM1XPLA067GQBCCGX2MCRULTW7WYYBDO19Q0 NSPS28O355T86AB13V5TOF29I3AP14QF6VNV3YLSQ3UM45H9MWBX5 WTOS4A9J8QCCM73F8GALHBHRHY5', 'VGPIH4Q6 MEKFG5FCD6 FF5N8ALCMV SRET4L68DD7U17FXD7O', 7, 3);

INSERT INTO downloadComment (id, uid, did, createTime, content, starLevel) VALUES (4, 15, 0, '1496-11-26 16:11:42', 'AR   XUCTJ08TPV17V8XEH0GCQLWCCPF4FFU7HNBF4DRBVM7PRCYQQKR8MLQ39UMTQ2NXEHPFNMFTXIO1 NKU7OGPIJC4S05EWKR', 13);

INSERT INTO downloadComment (id, uid, did, createTime, content, starLevel) VALUES (16, 14, 12, '596-1-23 5:57:33', 'EDOOI9PUSHTXWVJSUWQOL1IHCF Y6A1WKNMCO5YYLXSG7T 3KE4G149CECHYQE8975RO7UF697RK5GECP0AQHQ JTBEYXXCEWIIL', 0);

INSERT INTO downloadComment (id, uid, did, createTime, content, starLevel) VALUES (13, 6, 2, '237-7-12 2:14:22', 'NVJ9OY0I9ITSPNPEL2E1UUJLUP49X0DVU0BGIHXHBXQ4RWU6CEV8J1SK OWAGHV8X4BB6QXIDQ8FW 9Q094YOO2C 1G7BKIB9AMW', 2);

INSERT INTO downloadComment (id, uid, did, createTime, content, starLevel) VALUES (18, 15, 16, '501-8-4 5:18:1', 'WBFKS5W7VSHO49KFX7CCV2688HXNIQULPHVJ5KTBAX4FH618NPJXW8WYN2NMPT48B6R7EJO3GKTD7  G YOAL33DTWEL0241B M8', 15);

INSERT INTO downloadComment (id, uid, did, createTime, content, starLevel) VALUES (3, 1, 19, '992-11-28 10:56:44', 'PPM8JK7UORAHWATLTHOXQ5RS052O13 9J ETFGY1KSH55U VNA5E7OIEGWO6LFGQNA8FSFS0THIR7AB3HMH1S CFHC7YWIM43UWY', 18);

INSERT INTO downloadComment (id, uid, did, createTime, content, starLevel) VALUES (11, 1, 0, '674-10-6 7:19:48', '5AHSMEYWD0Y40O8GW80VFMHXNK5O4YPPQKSAJAUOR10P6VHPN8CLX1TAAGQME2HHKDICB0RI52PI7RU7YH4CX03R2N15QUMDGJJO', 14);

INSERT INTO downloadComment (id, uid, did, createTime, content, starLevel) VALUES (15, 6, 19, '1578-1-7 17:12:37', '1MVB9G95L1ETJ39UN8NE0DU7C0 Y1IOW2BUCG5X36JVTVVLMKGGPYEWSLK16NDVK0GTBXU P0CGT9928GK IF90PALQFHY14TJJ9', 8);

INSERT INTO downloadComment (id, uid, did, createTime, content, starLevel) VALUES (19, 11, 15, '1-1-1 0:0:0', 'OTSBGKTWPBL1EP56U2 QCBKFGN5XM88PH3N45LAK2U8CO4JCCMQJ36JEBK78 DQKV8Y71VMNY9XDX655VD5M3P8VIE87KXB55K4M', 19);

INSERT INTO downloadComment (id, uid, did, createTime, content, starLevel) VALUES (10, 9, 11, '1869-8-8 18:33:21', 'XR0S0MTEO9T0CTW09C6I3K2Y3LANJ5744BUA2G4M769CDWSBQCT9EWKTBH2QR4R9N8CF5E0PCBAWPX5088ONSLUIDR9BPJK4HWQU', 3);

INSERT INTO downloadComment (id, uid, did, createTime, content, starLevel) VALUES (5, 11, 5, '1206-4-26 12:57:0', 'MEODCGU2KHLPFFP1K13PKQ1XYQPOWRQJP7A6KJHJ ROT4JG4U8KYHV7IXRCVEHN B44OTN7IQO2PKAX1HTJP W1FSCKHSW9 A5G8', 4);

INSERT INTO downloadComment (id, uid, did, createTime, content, starLevel) VALUES (6, 3, 14, '779-12-6 8:48:6', '1YJIEPEN5KPC349D7JDGJUL87 XR3XL8JWNJC2CUNFWY4436LTLRV8MS VIY3RWUX 4XOMOB2257RGDBUUJWD7VMSSENCLP8 X4H', 11);

INSERT INTO downloadComment (id, uid, did, createTime, content, starLevel) VALUES (7, 0, 7, '912-3-14 10:6:52', 'CT42PVMW0DHWYVOUB4N7K9JBQ1FFWKBE0UH04B 5NVWW7CY0SW7VJTDRXEJE2X 76IKX63HK8I 75TU6N8XW68WADLGX66T 497I', 6);

INSERT INTO downloadComment (id, uid, did, createTime, content, starLevel) VALUES (14, 11, 14, '145-2-13 1:43:50', '12V21LAMM3EKLE6E9FOKA7OU7N42U8AD36G38 AWP13Q0BAHWFPOOGSSFSPA77R22L1DP9JLUQ2R5NR2EIM4B9ACC9WUSMI XL 4', 7);

INSERT INTO downloadComment (id, uid, did, createTime, content, starLevel) VALUES (9, 3, 19, '1095-9-5 12:18:44', '3NMAPDX  M02E0ISS5SYTTME0LKFYO5YW15D8BSAA6J8SH1 FDX1WG9Y TWOPE0VC Q6P3CWMVVARLDECRBU19QYPPJVYKG8FN2 ', 9);

INSERT INTO downloadComment (id, uid, did, createTime, content, starLevel) VALUES (1, 18, 19, '63-3-26 0:52:54', 'LETFCXJSS785HUPMUHI7WDL0V2 XYVUXQ2WXKA59MBVRISQF9JN01H43T0M5J7S163VU5GB4A325WH8AJ0M GF9 HNVIISOBCMJ2', 10);

INSERT INTO downloadComment (id, uid, did, createTime, content, starLevel) VALUES (12, 17, 12, '1336-2-5 13:58:48', 'UMON3V3OXCW36MI6786ERBU10FALU 8T2OW3N2T1LKLP 9W25L22YM38 MGNNLTR34PJSCLFQY5U YXJXU6JK9TV5H16W4N0X4U2', 16);

INSERT INTO downloadComment (id, uid, did, createTime, content, starLevel) VALUES (8, 0, 0, '403-5-31 4:42:22', 'OYTQGPLSEK2Q5IBGX8QAU09I92F41OGUR3C2FUBE7DKMBSUFVEB3IRYIWDB4 A21M FAYJLC1WATXWRHMT4GUEGRX1NFJR6MI05H', 12);

INSERT INTO downloadComment (id, uid, did, createTime, content, starLevel) VALUES (17, 7, 15, '1428-6-19 14:53:14', '2 9B23N9ENXCE67E0NT7TUCDTYG J9KM2GPH3J4QIYQ33VOWGEQ5V6E97V XJETMLETBVH70B 38H OSXMDB55T9GRGN5T28HE2T', 5);

INSERT INTO downloadComment (id, uid, did, createTime, content, starLevel) VALUES (2, 8, 1, '1721-3-3 18:0:13', 'SUFP5 GO25DRGJEVGGOIHW4TQIG6X9E935DEMCSQ6R HCH3CFI2YJUPDJ790CUBESNNJMPM4USPJ6X7OHD2J68HTI7OBH9VFO7VG', 1);

INSERT INTO forum (fid, uid, genreId, createTime, content, readAmout, rewardIntegral) VALUES (1, 8, 16, '1270-12-14 14:40:39', '6W8UPPA782H3G E4STISCPB9BM CMESL52J FC61SVCU0H8VR9AOA5M85CS5A02PVJAL2444BE8WFBIAS5SC 954NS8N34SOV0R8C47EAC7DJ58KNH4RNO2L1LM1VNIV2WUEUOQCNA F33LEG510CEPWW61HBQ0BTF3O6C2VPHV9QEX0RQV63PLR9P48 U8HUMQOR2VK62X40NQ6IOPCS3EGK67HFO8FBAM0 0SE7TR9EQN7248P9DWRMCAJ188OTYBC2LS BGP 9SIW52SE8M22PQ1O4TLD91YD8KWEFDRMV89O 8FMA927ENQBY0X32MFTIYAAXRIIDT0C45TO0X5LT7CRNNV1YN8GX2DTKMA1XH1EJ59RSJS5EAGF7VAV6SH1DFMPGR1NGJSRNAQ8 BJB JERM37TAK1ELYR58NBRWJUX7GVDVS65UD18Q RNA8BDDQKWTPFV1AXWFA0LLPL4O20BAJBMKSHV882AM 8ILW 9W83A75WAKLIKY1BJY3ASR5D3EEC77T11OIOUOG99 RHJA FRNR62CFTPDM JCOBV533RV826U3GST7E6A59NBDT 4303IH7W5R7HMEVMFYM US87VG9LWI0CN3 JYF6TW3MLJ5CTFIUSQ5 QVLLX9O6QDL2I01YS1FKLAYCH0MPTNYX94BBOF 7N3E5QR6DKLUX2BJVUN BUP3ITT45 DT7325PYAUFF2A9O2Y2OA3JMVU9VOBG XUELW4WWJH869FR0TIAA96UW4PWJQYASW067MJKDEP53GQASTSYIBBFH7GDEGWBMWK3LP968MFM3CGCO6OQQK918X5OLOTVPK0UTY1UAWV8KYK3GYBDUKN60V60QQ2 AC5BLOBEGTKTESYEV16U9BVWQK4Q2AW9ON1I3HF8NV792R5PQBX8 412BIYD9E926S3L2GDHTGXOK4K6WILSGT50R0TKLMXC4XWWQ2 VYV0ADLBL6BGXQIVW0B75USGPX6EXX', 8, 0);

INSERT INTO forum (fid, uid, genreId, createTime, content, readAmout, rewardIntegral) VALUES (15, 1, 14, '116-8-16 0:53:37', '7VU1C3JL9DEI836CUQF5NW4CA4FYLSBY5HG5Y2XRNEQTSBBFR1 61WKWR2HP2KUNLXFCS37 PXB1C86JPTN8GJTXD6FLFGHFM65QPO8YP8M65BUVEX4FSFBAN4I6FKD7R0NGLJ1SECO9F7F340RXUFOHICNYO6QDWWMO6OT8Y58B9VCFHGMVBQMFA2FIRW0 D5FM4FVIU8OGMK2LGHBJSR3NRA0F4NRHWU2HXDPD3 2RHU9WI184R8551TBD3KRYMV7J4C 40N3ELHQ4FVCXO71JQ9UY 4WX1V531JJLD44KPLGLIJB9UW5WRWTXX27K48VHYC95C65GFJK7DCEGIX0TIX0Y0DVG76112HCPICVAB CC2EMWR5AIR9 U8EAR1QW5F 0MUWLCSV8Y1KJ ONWMOJWCGN 7TLE822QXP0AX6ETH5HH46WTEWBIAI0K01D5RUB21YGMDR3UXPMBT5J7KDTBI3NYXREF7LJR0PYV1OP8TC7OKBKDFJ3FWTY28AQ321VRENW0C0C1768RVC9US6YOE6N2SGBSWRQ29QIMOPAIOOHIBT480I0FWLPAWFTNAARW8ES JM70DQIFH70BX6NSEFE4HUNMT2YNFHI0DL 1WNOR W 2 62JXW98YN485GIUI799RATCG44DH7GJ4Y52H44D8A7OXM 5Q7C0696QRBQSO932SCOF463GTKPRVS6ESIV4A2S72O7598S0 M5C  KKPP71P 6M LS4M2QY471B 3UYAEU77G7XGC2O76BX2AQ9WL9996FSMRPNPSU0WB Y4JGG58ANEV7CRW0LBCGP016YU60GA847BO9VDW 8T0FWX1ULMVXUYPDWUI VLT4D6N82QVNARSF443W24AFPDCKQD06A2JSADOTT3RRN3N0U40NW8JCD4JGRLFRC S712GAJE136BISIQLR8W1UN5OXI8RRCOUQQ01QDL3O0EO49TMABMIUXG55NKLW9IX0PGWX2N8VCU', 7, 18);

INSERT INTO forum (fid, uid, genreId, createTime, content, readAmout, rewardIntegral) VALUES (3, 18, 4, '1745-9-9 18:24:53', 'T5X6QHJF53B 8N0CSQPU5XH7WJ1MPAMP2TXRIWGWJ3JS15JVNL 2IQOLDWBHKTELWTEGEET3O30YOPE1WK0OYW4FY9ODWNDKAO28S3IMX7SI3MV7NJD3B6Q5RIGDL9EBINE4YEIN38JN7IF9F8CUAMMMAFQLICJ ATF34 2VFUOHS9NN70THKJ3BHI69DYYAT W7BUHHHF77J09DA5CKNKJ7M25JTE GKT7KL7A8C6S0189VFO5O0LKSG6MNG949KNFATL4DD1S7UMN8SC3G0RV53PBVPE0 3Q7HUUTQGT60B8O WRQKXJDS3BHJXYHH 0XDD1CNS1LRTAR8Q98PWO4VDD6WFDH3C7L40KT 1YDRJFDMP FK16B0A5YDCD4QRUW0B2J58QFGMGABJUUYACCCLL5ASWOT9959PGW1V8E64IBYGJMMLQOMGHO4R9L96JB8J K6S3LF 0HS0JKEQ801FD5B50HMBK37258H9SVL1NXK8554DX7CILTBR 1UWXPLGQUJYIU92F0KICHO6B6U19MNBA6II45RQRGE ASVQK6MO0D M15DU93WEC P6C14WM9MSVJ1KL32WQ8 54D93AHLLSN1BLL6TWOBAUPC3EJRTV6N3SAEDRNC9MJNQMRD9J86TKGEP0F4GMX NMK7PX5TR166N049XPLD05OVMTX3AXW00FXMIU5NDM9WR3WEEVLK1IWG4J853I5T7BA4L9JK74MH100C7SA2EC9T82T96WEH5PRQ6TTABO87 MYPQHTM14NR1M805C05R7L VT3KOLAWGMY5B9GI92I1DR6F2 1 SU4XQF985K2VOIUD4QQMT90G48K4FL66VSY77KQ2II00BH71BQ7AVHXVY4G63WPXMLRX5YOYGMSNHM5WXHQEXCS5KS BB8OJI2ERS2VRJE5RNOIQVC7F 8M6GUKPTUQ9X8XWS7RFAM0RO9RD13RBEA9X37P1NP7F6HH38DGW2DIOVR3L4QLK', 10, 13);

INSERT INTO forum (fid, uid, genreId, createTime, content, readAmout, rewardIntegral) VALUES (9, 9, 1, '1831-8-12 19:50:19', 'XG4BS21LCK0DHHEKKFO67XU0YB8ATH56RH9DUWE5R THW365PYV8WXFT0UOCOY PGUG4EHS099V5HKG4WD34A9SMJ3JP6 U90T3MJUA0II4V6D0DVV2YD5PMHJJBOOJHUH7 8A9KOM62Q9U8PD6S200E6F46GG6GQPIADF3K8A9A A0OWNGS9LQ4BVDAP0XWW2DPQ5EF6WB0HST5D6M4NY1J2O1QJA31Y1UF0M 4SQUVTDPKGA  WCAVXHGKYK8LXRJOTAP6VS4EGW7IU2LMKDYUWOPXTD U78VPNUOMIU AQL3 NC294WPTBFHX H5MN6RRXB40BHY5WU8JHSQ8W3DLYQ6R60Q7H5W5 0EF929P6FOC7TLV8DUIYBQN CTIDHL91H2IOQPOLDNY7N9H8FBHXPVUY4PYD8RG7KUFCDST6XIL891I091YT8WKJBUEWB13JFJUHQPWSPRXFEUBL6FT0YT523TDVDPN G70N88R8J37EOAETO2MCR9XS DTIVOKEC NV6T87LB53CM8JNQD AI9VQGAI KCJ362ILN7CAF3VLSBG5BLJ IJDG3U QKJ2XB1EBFK4BLUJ9B66MUD01W69GI2DXMOKE0YRXNB0N2RB1GF8RKBUHWOED32K39EHB1N7TEDAKCOQE2O1GUKU2HHK4EHXMO97TDKR6ER8M03VJPJY07T9D75HV2J3LRY193NVX2JYMUW2IKO7XA9PP98Q3 W8Y156AHBDTGQIORK74HSY00M88L9SJ4UUENKQVXMHDAGV7U5GXYN8DA6ASQW38O3UDH P912WUXUVUC5GB6 1BBPQ4USXIX1K4 4 WIQNBF2AKNMAFYL7JELUOUKIXCGRQBUEM977NHBSMB8B5RAIY M9O700ELPKYBYPGAMFIESYH02G8P NRP9253SE1EQJFDCITTMMA6R9YMTY4LH7HCDRXDPOBRXMINWDA7EH5HJ456NF4WSNVSF7LHLNYQA7EWLPSYO', 0, 12);

INSERT INTO forum (fid, uid, genreId, createTime, content, readAmout, rewardIntegral) VALUES (4, 2, 12, '543-3-12 5:52:53', '14NETEUBYAOSE 6FPIM82WL90 KCWIQQUYLPKBY32FOHS5QW UIHLHRXA0Q67YDAR7 UGW PK6DWY0VU3INAS9RSJ 54QVTP4538I9KJSWR23F4VK74K42B T668NA8TNXUBNYJFDRM26L84CHP9Y0C3HOVLUIX0GFTJPQTQHSA05Y16QKUCLJUACB C86B62BAFFLIELNU1VAL8HJKV8A17LQULM4 RE04JFXXVLVYA1L10O7MVY984VBHLOJRQTSXEAAH3US  C7RQX8FFQPYR69LI1VHK1MXMFLQM1GXDAN8550 NI4UDYJHM6VAC9BXU71EGAQGPEU3LOQ0Q2CQR1X56IHDL0GIQX0F76AV90W6VBBVS5HLANY9ID14F9DUYQBUXLJ6DDAFD8JL2DVJUFW3X032HE7S9PXUAXO EPOYYYXTSA7VRGWMUIIYV6WTET5SGXPLR3221ISW7AE005TGNXEKCR5450J74QDWTHR5L97SOROK2EBVS87 2SEGC00RIX8K1UAU4 15HXJ9WGUSO9LBT9XCTKNADHNUYXHVLX 90YR221LSVRKXVISVGAWS ROL0GG4LOF3OXE K6L5VEC91FTT5NGE7KAFS1MN78L8URS91DMP9RH O6KNV5BED32KU8NO10HY1ELAKJ92LBUVNDHGL1P8DXJVSFIL7UV6PKPKT TFIGGVD3OYAL8KM3XWA FWE BHEYAT EGMOGR3RQ5J1XO42Y8U 5Y9T063N7TUQV27RHDSC4LCV46U5D9JK2UK71JW1S1PDYCBIP9D1KJ0W43TXKLITR8STGBG730IMLRUM3OFGNAXAR49X4MWF8G1H67 RG0MT2L9WK3OMGV64U6K85GJ9C6OHEOAE3NGS5UO5XA 4G6DO KAE00W3UC5PUXWT4TOWYCY7XDG4JUW4UQ5MM04SF42KJ11SKM223OHY6N78YARQTH I6Y 9P07X0SG2EJKOG8GB9SNOEOKSDXTA', 17, 8);

INSERT INTO forum (fid, uid, genreId, createTime, content, readAmout, rewardIntegral) VALUES (17, 9, 3, '755-2-20 7:55:20', 'D3WF4TIA4ROFFA8RG5K7KP95X1OLREUPAI173J2N6CUQEUDQTFBKHKQX331J7KD D 3LYL3HVPQT0ICORPQF9UVRRE9YSBWXH5IMWI0UAQTMSUR5UKLT2BO099NBKU2UYFCB08EC 6617NB7289RY19GBU4 FONMGYBRCYX2UIM1O4WHSSUEXAWJ YAH8KNM3PT1U3IN61IMFMI4V3 TUP24VBDCOJ5RCFWBBF4ARRYSOTESHS36I5DOVCA1FXEH5L7RJY OPLOLIQUQ885OLSK5CAM51CVRSK5J4 F1K434XKEO5OWIQ2K106KBYO441EPXM4X69P7IUWPWO1LYFPGE1R 5I3VK XI6J75C6LQV2HK6M3A93PFSYMEA 20Q6UXK7EXE2Q2EBGYW9EMR0DVAS41GLBMOKJXFW46O4U5B760W68VSG9DJVFQCCVW1H835T313VHQU9A1LGQ0OJ9MO EYQA 7 PXS10BR2BX38YRFWKQNWBGFEBSVE9A17DCVLI1UKVA7TMRSBDX1UP9TYG1A63L2Y13087TT1AFQXHUWR4Q5 LE 1EFOVH25YPGGGWHFJS0 WPRNUHDKUPU80J 6F04AIQK2RA6LLYGV6EL4JKVHWQU1MOJKP8HKHXBGO0AD9T 04GNIIU UR7W072P9OK3C5GEUSKH 7TKP9TK6T8B6 NW0PBVCAB80GY83QFQRJQ0T17AQ5 6O7FWXHF6LKQH9SD3R3VAAXUV 0DXSOVP83TBVHULEIYMS45 1L7N6LQHDPU173YTDB1R46EUT91SKW4OSWIMB9HYXO6A0OS79L583KDGKUWCM4HTHRWBP6J76MRRD59CQO7XC6EP1GG09DVPAYA2G7QWB3WRKVRGAB4CM3JN86FOTPBI18LJWLCI7UTV2N M2DOASW96VAHMVP957FJNH91ACIMYJV2MUNMTWPEX9X9C4JKCXFTNUKW9XWD7QEL250LB56A9FF6NGUHK 31 RG', 15, 10);

INSERT INTO forum (fid, uid, genreId, createTime, content, readAmout, rewardIntegral) VALUES (18, 18, 3, '1119-3-18 12:19:16', 'E8RR00LPHC0E4DWJKF 0NLTUO4UDOF5DFSCVC48Q5L9QNXNGCEA1 JG86 J6523BAAS36JV BRBYK5174XBUD6N9I2WIQ7VRNWX93IYH6K932JYKSKMTXCXSIXAENGUSNK7APN0RCJT5DUCVOMKCOBX2H TU1RL0R P4HRTYQXE8I4BXG70WIJE 4F5 V9TGYN7PSY6MTT2DHN65A7LXASDWI6QV5FEUIU40WO6YC1IQ62EEPAKYQ3WR6 KNN0CA6MK21M MK83FD8K6MWTIHS9 0DDI40VJ3T7Y8PYU1TUORCGEDAW63IWKCMGN9Q9TT2GPJ7LCU GPXSYLPF1I04D0VUUAKS2V9REHUNJFCO9QFC5SS546LTFCRW7PI1W1T3OEYVMVFO81M AJ60NU30 5JFV6HLL370PNMXT0AI0YV1PYUDT6QG1K4UT1RX3GN9GFF78RMHXSE0 N4CIWJ6U5VCMNIQJYODL0XD6GFPWYBTTSTV5SIGP4JXMES 62AOHMJC2271LTOK214NYMKV76BDRPN GQV83KNDJ1S69UFNPNM5P8GA JP8M XAYF7X17GXAEGITGESYDAMVGXVVXRTGRHPF6IENW5S8MVBU7DY2HJ4L5J VPS86J DRID3U1R1HT5JML0DLR7HM9UD4MLFDU3N1JT791B 8IR0 6VN4LHBFPA0W2E09AA9GU9R5CNAUVLAJJGJGU Y2G55OXSHQG06DKIIFIJUVIYOGB46JXRNBKOC2MQ1AYMKCFT0O OU0NJDN66XHR79K00GT2OR5IC10KTM4COR2 H8LSSHJU7KVV8JVRGE5SBC9RKGO70A3QB HV3R55 3YA8 BP8JTJMK19HFU43J7PW2552 U8637CXIEGOKBI73JVF6US9RQ6NQ3FNND5VON811G3TLFHXK1WO7KVPL6182GINLNHJNX4AT363LOBKX09WRH2KV4LUT18SUOD1PG87C0VD75UTD2A5UR4VSDR', 9, 15);

INSERT INTO forum (fid, uid, genreId, createTime, content, readAmout, rewardIntegral) VALUES (16, 14, 17, '898-11-29 9:19:37', '1MBHQSNGM76UBF0TV OY9D XX99TKQV0PUD5Y0YY0ER8 479A5NLDQQN4NGXGHP8AO 6 G2K98IQITOVNR7OJICF1BGAC 40I0MI3BOKWHEN35TYGO38402RBG3TUJJAKKB6M1LPTO2EU03AKHQ7AVCP4 TCKPIN0WU6NFSBB6SETN55BL6O5 PVYMPTXCS7V9KLAIF841H1VISGC65QRIVBPVJ7CK7JJQKIJKSTD6RVVDYKR62H1YPQQ0QI2RTTS4K188A0J8UBKARE2BW1T099R2DQANTQU4WC7EL9MON KKHD75ELTQOMWW6W56KHA2LM47EHWQREFTJIG WBQFA1P4K5KLIT77B2L3N86FC6LYIAJUEG3NMA55JKIFD YHFX5TFIKJCYG44RMNKACACOK5UASHXTFNXH5CYVNM7D9TAH71Q3WH70Q4SI3W6NS9F2  LGD2746P2K8EU7 N7OTRFF2 7DRM8 TBXU4 3Y9UMO2YJ SJGJDMFA8GBCCUCMT7L8OBGLJJDXGP4SF481D03C17 H1RCE0QI96QDUWCR2KFJ3VN 480FXTGRBN2HQCCO7APPJ44J9YNCA0P99RI2DUQESH7Q4OQ7SYJWHW1HBMOUVN3UI44A08TUF8EN0SVH9L93LVGLIWPYDJ MEXB292Q4BYMIYA0YI N1SI51OLJ7C9PM06A JCUG14O5ISO9TED6YA125WWUCC 3XB1CAWS9ON56AQQ72FSN4IF6TF8QY7SFB6C02IF0WUDSVJ9PP324AEU 26SGV7B3VYRLBW0GWFGTYHMVNU52G457WJK5QL4SQBMCMN FDHBU6RI0CIRIQPETSCDO7H DPA24K82WKIN BHUHTBG7730WPTTL3Y0T1B HR3B19HY32NUWMYGH 6NN7K7 3YKBH91MVJ16SQFP751YRHWD9QAHCNQQ1DA4FEQEJRTSXY5WLU8KWCLL7D5XRIAAR 4PPDABHXJG3CXI0GGQ4', 2, 2);

INSERT INTO forum (fid, uid, genreId, createTime, content, readAmout, rewardIntegral) VALUES (2, 16, 4, '1394-3-17 15:16:12', 'E7H1PPQL LS2F9PPARLG0D15FC0DL2P2Y5008TQGB5 WB7WDLW 80QEK5SHLSPS PLUGCJXK77D55Q847C1LQBO9VEQJJBJJOJBNB8JOOT1RBWQ EGUDX64SE56941L0FRCYCIU18UPQ30PGVD8HAK43VRWOVDR6USMQKBDFQUT2RPJKQ0MQB19TWPMVW32C8YDE VR5G8GTDVRXI454JG9 GARWB7LCBCJFJMR347B20P4N37KLAX 8YKDU22OL6UQ90CEMTPRWJNHCUIA4VUGP5D5S18QYE57F63QO1GWHUGU6G3EQHXW4BEGY1MEXVOUGO62OP CYM5EW2TMH75NN0 CHQDEEYO7V29SL4MIIK1IQ8ADG0Q719CGLQYNYE5ICQ5HY0EDF8OMFXWNRV77KIG5JL39KDVNG43XSJ7KX1 GAHU7JJDH1L1ELNRFTDG4VGH P6OHBE1Q5N2DYQD0TQPV3AAJSF85BW3PRX90XKCICLD594JXQLOUCP755VCKHJXAL34V3PJTTX78O8JH874AQ1EX0IPU4D94DGA98WO0YLYXGGA461WUOBYS2I052APPT6I7R7 GP0N8W62H3YNQLICOKGRB223P5SC84F2RKY6SDMB9Y8TXXG8S9D6R0FLY3A4NSGPPKL6W7 TE9JN08WLGEMCOS LF 3XD9Y158L4HUAO 4X46 JO4T11SA7SBMXOX4JG5OX76NI662X1CSW1GUUXJGL7VC 2KXRNYG1E74K0E8FX36II8DMC1AF3K2XJ5A0KWRPIJQ606AP7MUP5FTGG1RX 06OB9UOHI973Q01F6EHXSDTD33Q9XX9P NPF18YVH46G0HSP9AW13I UJOBFRUHEEXTND70KO4MRASWKG6F8RXDH5KFI9LIEB27MQGWN1I1W2IS2VU1 KDYJHBRSTD9F0KINBRLHR28ILAQJUM0J2ONHB CCG9FEUISWXWXP45H4PS0JVC5WCLA5I5N0UIQLEI', 6, 16);

INSERT INTO forum (fid, uid, genreId, createTime, content, readAmout, rewardIntegral) VALUES (11, 0, 0, '652-1-3 6:47:42', 'HA1QQALMHYWROYJCJX9YKL4XJFCBRHCOEJS3MDSUA0DWUYOJR78P65B0B1XXYVJPU4YV8IIRE5X0DY6DR4EOLHGKN0ANQU1SGB0 0FNTOW2V6O5TXSIUAH2BMCPTER0MA6 DE7C0EOXCY4UB 705NBTJQR5Q59RITIP1P6SUBLB8DLPY52 MVIIYWV8S28S7YYK 3 EEHNNI M98 W695S5XEYAF7YP1YWM9PGR7GH22B189IYY4K8UB 462HUDVIILXLUKE4MBUO0IO2AFB23VFR9K6POP3PRW4NJNNTCTUDX3MHS8 K1Q891N9LJUL3DJYPC329QN3LH8R 2S8TW05EWCWUP0UJU7LJ92EMKJOFM8B5J49KVF5J28L TNTDI99RLWVEIVLVLM01DVADEYQEKI FQD1BGP6 X29L Q1VY151KDKR6MX571PKOVHII8LL38UI3S46IAJ UNE58PBDIDEO11THC4T0B7GXVE1KCCH5SC1UVJY VPRWL 26ED6HY H12KYLTDW5NQV2NOIEFUICDUWXTK07QMSE5 6VMM41KS9 ET4D3BE M0GIN2Q9OFT H WSNI59F4MM9UG3J99PX H2MRRM1UH64IHP5OEQV1CWOQS59HUB6H56BAI8CGBRY99UMVVOCEXPBOTJJH1HIA9T2VHUH B MGJEU 4R2VVR5 UOECQVBE3CYF77IC1FJ4SFV3640MPRF4PCNVSYBYFKVJ7XWLJ2 TDV1EM61LY9QQPSXH76IAONJF3I9YGDVTSM AKVMA9QULRLLAXV4TP7D EFKSX511IHLAPI6 8LVP9TU1Y8Q6X9MPU 3MMM0323346RTIH3744VL4CG54A7AU1EC4QF55 3XLPRFDQFH4UMKL6JIK8U77QV35 MK5V UQJ1QSPQO3EBB6IH6MUEYALGHOOM5MD4UOGI6K4 1NDK39H3THLJUBG2UVLBLS2UASRI17S40IRG0V96ELK9312LT23', 5, 7);

INSERT INTO forum (fid, uid, genreId, createTime, content, readAmout, rewardIntegral) VALUES (10, 3, 1, '1482-4-30 16:20:18', 'WV6FE0V0FGGKB4C0 7FGAE0EQ5S859KC6606IND75RSTIBATF4W BLUJ38P4BX1RC7GVOU D6L4EUU 9E2PAFF99HSD5TGBQ0G7OEC0VL2FNGJ4KNWD4K7NPPS4OQTOO39JX40UOT0A0EKICED2ANIIMU1U43AJK2PHV7237Q4 VLB7U7YLKH6J8J27YSFIUNONWV2JHMTHQWHBU1WEUQDK9Q6ENL1CJ2SBCAQ205CB2218KD8N 0HK0SJDP8AW7XHHMJ6RVDOQFS9FWYS2XV9OAI0OPCK9X8 Q4KPTMTNOCLOH4164KPM7H3AK6FINCFBBB8YMEDRNG 3758SXWVWMG4SVQX4FJA76QCTPVBFVCDNLDJS6XKLIMLS615N4748WULHS6DP8O OPQG4BPYKNYYANREKEKHQO8KGO2NK841VSPQIE92WYV 35KRP3CGTFGRGDQON1FO6AAPH5QV JGXS68B58SHFO5LH20DHIBUTS0YBW98IL7EQWH1AYQF7NXDW16295KIA YL3QYWFK6F254RQJIKM6IAAS2I210GDSO2NA1KXY0HPD BFHXJXSLIIX2UO2GF57C8NYQRLHTEEPXBKEFE5OW1Q81LPMT1 HLDHOA1609FKYUDO1WO3M8TDOGRKUYVIXM7D6 QRJK8JJN0IDT8C5CP6B9NCJTBL34RAP66PAFWCL9K4G6DAD4F4FX312DSHLEL 86KNK4USUPEUJHS32DOHFI8CKNHMA6K0FD0IUF0JQ PA1RLMQ1 UUKOSRMLS6S PJ6HIRONXA5LDIMANG1U1F6DM1E60C4M5H0 45QF68839N6SO0BL71YQYH19M3HJ8WEA3XYI70D4EB1FXSUKPP1KLRON7WU9M0T4I99CSLQIKKFYIVPWAN4369G6MCLRRPS6OC4VFPF1RL G80WPV7FV40KK36QDWKWY6NHEEOPC9O JQLI0PUO0MO8C0CQT1TRXXRVNUJRYPD73EOOOD95', 4, 14);

INSERT INTO forum (fid, uid, genreId, createTime, content, readAmout, rewardIntegral) VALUES (14, 18, 1, '947-10-20 9:59:45', 'UMLP34WNA BYF4DCQKYVDYAXIFXJKM9O9WR86G32AAL7S6FF888CW49YJRP9CKTKH0T5Y9A1TAU53TY919BIVN8PD622OM1P681TM40786WJI35HJVWOG8C1J6M62D8GCNGKBW PCT95YAD8G17AQWUD12RV TUTH7MT2P2ABX3PCY68YK8QOW6NAYFGQ5F6GHT0V 84P 63H 6OMXJH7SXE1P9ALURLI  LJEPYKA141I9CFJE 4FULI KOQQRJBWP3TXR38TQOOYDJQGQS4VUTB6A26UH30880EUVCLF2OV O2CL3EVLY4GJ1UXI4V0SFXUPP2TQH12NH9FMQFT7E5C23HTE4X94WEM923I33SK581M0HHGPK TICIODYY2KS34PUVQOLVN2ITV X63CYD2FEE6MC4390NNC7BXHFDE85INK86 L9GT6HPWN46H32QDVCXV6NCWQ0MPJ979BB00WG1C69AQS43F8QOWA V3 75CIJ00K4A6GW Y8 ATT2FRNX4L5R4UMYN4U6A5QT34J 8 5KH0FBKCMNB1S27XMN63N1WKFPQ4MLEPHHO2M2A0YSTP2JB 8VBQWKN1LA3UY8875D9694GFPDTGMKQMXA9V9XD9G4KDJ3GJA 5UWWX98MXKV4OBJSMQ8V SH2267YVMBAQ0YKL16VCQ1UFG4DL02VE4HY15JB8B E 3KVE7FNT123BC28YRV0KOHYHLWCEDAIFUO8C56MJYQSO6 OXHF1GQS9W7GS9GH32E QD3XLCFLKW2S7A0CE2I3BC245N35OGE15J7FJJRYPE0PGEN15H58NFPMIKS4 OS4UXJPLYMX5M 7832O RNE 71GMWWIWC 9VK423 7DH1R1HQF7B0Y26DDWXOQRGNSBXNS5FHY0Y53AB96D6DW 92H0HXFJU7EXF9CT8YV8HHM9048Q8075F HM2O4TEAFHDNI8AC9BMLXL0AXIV4JV EWC01STMMW7E UUG5', 1, 5);

INSERT INTO forum (fid, uid, genreId, createTime, content, readAmout, rewardIntegral) VALUES (13, 16, 4, '251-5-12 1:55:55', 'W8K4E4U9 U3XGQG1PLD3D37G92WJVDUFWS8OG1A4IKKQEMI89KV0NHXMARTK1UNPVL3XBT8D2CKSRNWTA6VXC0RFAWUELIB2PXEK66P5KL3FSAM308D424USUR9EUYB7U0YA44W4EIS1P7S0Y80SEFH22F0VV1E71O8W4Y8EA3YYKFO 4H67QW27CSPAQWETHPG52A6PE4HNC8QYW2TNFP8OLJO2DYC7QIDURXF9A40J 4JE2ULIREPG32SMMVD5TEHVX1TUYFS49 TDUIR4TQF3GMNJAMTY4DW341BPR5QWVWGDUGBUQRFMU7H9 I5DHAEEXM2PI8EEHAKI1XT6GUYMOL8EB00T3QFRPSD6DA19LUCEVWKIULD7VDEJQ074K335TSP0XSI0LH4565HEOX72RV8AMKOPXK3KI6NM8 BCWHHH685BO05D07KAA2IIN1V2VS0YNVQXOC2KIIRTEC1SQAXAX6Y JBHO0PNI1AJE4VP5727HCNXMHUHXNUH5UUNIUCP8KSAKA6FHQT3YY WL6B4 FBMJ8YPP8DEQXQ363LCEXHKVIMC24 A87148QOQF P413AT GTT62HHV96OT3U4IRVUSVXEVPNFSKCXU5P9QT2EQBJJ97QGMWUUCGB180N 25NJMSIBE89G4OUP908QG6BCLR8NSDJPL3NF61QQ5TWHVCI5AHR2W6WNNJXVU7ELJ4N3GC4HFGJYQ3BY9 F8XCKABTB2OSKSM8OKE4RN7GL0KQ7CP97NG FXS475OBOO3XKN OYF0H6H8VGRMISFJF1FVB5S6WOPS2XQ77CAWN7RN4ORLBPA5R3PVRF7NLRI0Y6W5USQFHG0PWO1OO9ND4OXM66DG9EXKAGVVLIIPWCYDMLIJYGIAG3EJM9W5SDWW5Q1GEYGE781MJT69Y7M1NXJHOC07VPIW2RE34UMN63BIV19KW2DRH2YX8XL45R21W1OWG867VUK3P92OFIQNOPFTO68J63 8', 14, 17);

INSERT INTO forum (fid, uid, genreId, createTime, content, readAmout, rewardIntegral) VALUES (12, 7, 18, '456-12-28 4:35:50', '0W832EG9X24E0O5BIQEWT8UOQ450FNT24D2XJX L751LPU4RLNQSEFBIJL758LBICDTMAPDI4A1TNKTTI1OLUA1WP3YNWCD77HTIPVGUFGH8HY7TIGWLI2EY41J7JN16O71W2V6YAED1WDEN86Q5KDYA8KTJAJJ53O46JDOQ9NDIEHPPPC2M61E1RJBE2A777XCO8E8KBHTVE7KWFTLGD6KWWO5JUHK35PNU488GW0PGASJP78J138I49H5UC B0JKN53EBVQ3MLBOF4D2UU8WCFU8S3CX8QBUL1 Q6U2EXNLP3NKI3EH5F41W68DQDJVNE1HDRWICJ07XMDVKJ6K77 MD3404T9 VMP7P4416245N9VR21T0ODEV7 QN1W9V7IMOEG42URE9JC96J7UBBN8DUX0MS2E23WCCG41G5LECHF7EB6WU81U5EO05WW3NRDKJ2OKFM2K2N6V4KVMXUM8NUNPE78B 84YHRSVLNHI1JHYG5SQQSNVPWW7FSXIWBY5CDAQ1BOSRVBPYT4XC1JPK35M534QMLFY6 5D6J81NPTXI PYTRVBVPR1FQ GSFO3XXKNV0CV CCWGY0L0JEQPTQN2OYTEYIDHVUTE6U 0DCHKQ7NS3YLIATMP6LDY3FLLRFTE993UOG0X42YUJM 6QB7XRKA8LJNYSXY CSWIEGE5Q2FU7LK K9N86Q8JVNF5F48L788Y 935YBWBP7KL099 J5CJ97TOHY15F1U1401BYMDO0 N31MAI6 F9RARX IFXDFLHVXQENDRB9K40ED5 RJO69NA7A1UN84C GF7KRN3HYTP8N37J7BX7BQEQ0XDDWL 1H2 GS8ECUOR241U7OYHLCK3M1RMN3 G6RL7 1GQY B47V7JUQ972IXIVJ7NEC0ORFVGLKG6AO06TU5RC26HPT5PG 64XW4O1VWW28VU8I6TDO4 EQU70XAU65N7 TDH8TX7MN2XMEHGVT1SP4HTWE12T VL', 3, 1);

INSERT INTO forum (fid, uid, genreId, createTime, content, readAmout, rewardIntegral) VALUES (7, 17, 1, '1053-3-22 11:25:12', 'OXI3F79LV74K3HM4LIGPQRKCOKQMYU4KKVXNMAEST5O097K9BRLC LM83GEO7BXUL1O8QL13WE2HNBCX7CACURGK9XPK19YR5MF0JXYAYPA9NS7PSU4DIQWXOOYJRSY3YLK4TE4Q7N OMYJO1M93791DC34XPEX96O3U4EPABJG2RCVGCTJ9 B1KLDT30Q04FEPC1JXCBFOT7TX6GCGMT8BN6JDFRTF4O2OX0SAUO89A IJLLW6YNKCC8BQC0XN69S0VCCC89LGX2UPVBYI286SVCAGALL9T1FDKAQVJCY78AIMSMRXTA7J0HSTRBO006M1B0PR8LJ3OEHLMXEI4F2J01XP9X9RDAU JMC3F3CCS3 361O3T4HXPSKRB1SLXE9RO0 2OB6W5XMST663XVF0GXE4J5WRAWVO538236L9BD6FEXALDY6951WQHPLKMMHNIO1NC XOXTQYCD7D6L9A75B3U12KLTM87EJHMFB MJPJKWVSC HTKNLE9EVFE3NOUV8EMMOP4QQDKD W040UODMJGXT1RIOVYLVFK3O14JSWC13H7 7DLIX 4NYC IMC7 GQ9STTCX2PEJGV3FPOUQWW2LOHUY5C8CBL0 CIMS2HTX63U7J6H1N31KNTO3POOW2JNG9AP0M57P3UM0VD4W43WERRCMLVASK4ICFYHASPOPVGOE8 W61YHP8Y7MR3S0Y6J8EXT8WEW7VY9VFWH2VIP4K68I36YIOM60LDKEKK1WCYNTJ329W7G3ICV84MK5GKB341Q9RPTW8S5JXSDU55P36K229JHOA8J7 C84NIIOBF4789N9H2FCU2DPMQKQG3SLVE3AORV55HY C1QFHDM449U86NPWINOR9XCVNG9L081UIRVKJ5CH P08LETMBN9RHB1 LRGR2MVP67 FV4OII31JFRVB Y6YLN8LTWWR69UG4CF3ENQ48BJJW5U7XMK5FL3KWEG3 CIRE941VTM4VDPX3NSITU3', 12, 4);

INSERT INTO forum (fid, uid, genreId, createTime, content, readAmout, rewardIntegral) VALUES (8, 18, 18, '382-4-26 3:23:55', 'JMKRPSSLRYUFAC9I8T9J9GH8UUYQCNX0RKJEPKV81B94LJRKXIDO79 CUSHROME1TG896QKXO3U63WCTW159IWBTVAA EBXG5AYLM0XPV2GA7KP98A9KM87XAK1JDJB1KSOMFD735TN261SJHV VXEEKVJ4NADJ6CJ3PY5Q7HOK85 MOL9CIOUV1Q0JHS5QO3SH6FV4O8T3H7HEDXLYU29R8IH ADL50VNTEYF1O75PLDSIQ8X286NBL59QBIM9251OSKWBVJBKBIIGIM O5 A031FTWJFNARLDR9R GVVGJEHWWQBD0FQE7 VUDOJ2P0RTSUO7861W1SUPOHAEA9S8W67534PFUKQLE2MBGUVYQ81T3A OI9MFS8WMFX0RQIJX2MUSYP6GIBQF1XAR7 K0X56XU1SC B RE3W82 LTCEYRTKWW  D8WC0ASDOJOVKLYXLHO9G47TXCBUAXFOXFWN5NQNLVIIPODI1G5L 42U8SYPNG6EJ4KB7L7MO0NXIUA4M9HE38 LOSOM0LWEO14YICRUFTS8UNF  54KJI14CC E79AU7Y9L5R0ULB7YG8G73K19SOADOIV7SX3R5XAQ1FI07NM TG6R52T763W7CIVQ5R24W206VJYNK4EP4TBKODIFRS1D9R10DL0S3PQ73Y0 97BTGFPHHDODEGVLNS0GGWRJOABI 5D57JTHM366L4GYPFNE3AWW1R42VF64JCS6IVQ87BMCESJF5QLBB6ENN11X4W7KKC1 M7I2M6XHIR3HV 0OFEOBK4EN8OVOONWFAL5B H02UIT7WJ8UT7G0T56LAS6T8C8AGB3Q8LWELR 3YBK 2V168UC3KJMMDAW6GQEJ5OJS89E2LYG74W5PFNWCP9881WROTGMA6EYEJ2BE5R8J6X6VSMWHLKM6YBS8E6T L789I8MTQMEVRRXCIGFIF5WBL9W9BTN J4GDI4PG76F3KCSAJKKDOWO09541 C85SVRM45F', 18, 3);

INSERT INTO forum (fid, uid, genreId, createTime, content, readAmout, rewardIntegral) VALUES (19, 9, 10, '1-1-1 0:0:0', 'U8NSWPTP5L HW2S6  4GP3 9N T9S8XAWAY1XGF3V8EBTL11EMUYEL3Y3K 6K 77YLNRPGLYQQ6ATL0KRSQP4Q51IP2PLTWOS5YIRKWRI6BNEO5H1VUTR2UTCCC4BI2SJRQYD03MAFGL2N43K2UG4EY1EAVN70 1R0IRV611L4XH6PR75D4RYTG4W18NJN0LE7HLDUU5FPQM09 8XHP UOIUKXSGK O0VJH6 1NK3DGDP0Y1GX7CDNDOD2GFFUOHXW1AP UHC3F3EYW2R103XPHJSAWY5DWPR 9PECYKCOK92DB86W2JW0FVP9BIO0BVXA08VXN2OMG9LTQ1KE12H2 OEGPJUE4RH1PQTVQQBAELT4XH246YVP2GI3MJGKLNRBH3VM8UMTATEES6ALHO5XPB45B05RABNX57IV99D1OF01D4AYJM845TRENKHHR5AH307L5BSOT05QV F8M91WR1AG7RXLU0CDGI82BVG6K58GPWL6N2B52P0N79X5HBUQ PVTECCRGJLFDIYE6KS2SYN3INPLS 6K1L8P5PXGPTI6K177GB04QHAOLNGJ0H8JPAETHF 35O4I37BODWI3XLH5P0CYJU97OVAKIJQ7AVGIYBTSHXOYJ 5YMEB2 KVVDGRLGIU6A5HJC4I6Y1U1U1MBVOBD2R5KT7LUPHA5 A38J0OCOX7 DJMBKL6NNYK5NCHLS1K1U51J R0H6BXLOUAQJ1K TB A93YBGBHK K0OBUINKW 2LW768U7QPIOELNJTKYB87FL4B5QNQHDU14B1SXJIQPBNDDL736P9YNANX4J34UVL5H HX838DN11VJGT8PRRB7GB7Q7BWUAD4FYE5Q64AJAB1IA9CSWI22FGFKGHTB9GE1GKGD1LC7 1JO7IV815L8FPYLDID6CDIT0GN9VHGYGIME9RGCH2 RKWDGH5ND0 8WND4DRRSMEU87CGX UFYPUAE7QVFTNEEWQDVVMSNLXYYH9E8J', 19, 19);

INSERT INTO forum (fid, uid, genreId, createTime, content, readAmout, rewardIntegral) VALUES (6, 5, 0, '1626-9-16 17:15:11', 'B7W78AWJDY4II12X3AOUE5HRKH2STMHWB4TDJOVL7GSHTMEPYSVGUQUKAVFNLGYKTPGEHFJ2C87TN1RFV8GVOPK ECMM5H1G494GRW78BVPJ LNTWU5BGHIIOYWBYNC4XUVTWMEU2TCSRTQ6HKA2RTS78G2DC2LLECAPDIQ6 7VQSITBE7TDXQLLMEPFL8OF1ERFJO13T0LIRRVKX8EJCHBSV7Y6WUOQTG9BOLAXQ0KCCY1SQ0DW7NIFA PDBYR52ODP XKKAQFI1QKETLNVN2WMOMGQTTAUJ2F0IO6GIFI791XANXVTPWA47UB1B1TIEEBN94JJQ8SSF2QY3LB6BJP4I546MH D77P25T8BR0XLPDODG2VGCPBDJRCXE9N6YUTQYM1STE7YBPP3DL63KCG4PQ369UR90FJ6FMTIHUKAA4W5X5GNMQL9TW6VRVHD5UIX57MJTKN0LYF5NIKO3DC24U XAD4XKQVKN2QJ5JOL4UP6D94RF5JF6 NB7K5SVLKPE6FLEKLHNPAWFQ9J233S2GW2P24D2O3 NRBEQ6 9UPTIJ2XO8N418857XNUMKYO1QD06TQ1GBC5PT6LT6FWOG1GSYF81585MQREMPCPNLBBRQRFPYETP0DJWQTDK341GR2F1TWHG0PFE98B2MSGNKIRQ4GIT  H9QMA704LHYSUYQXPQ13KK6K6DVB0UWXAVI2AGKFWHM609VTQF3402AEF2NMG78XY3WDVO43W44QKOTR92GXT9RLW01XI3VNLSLPN7S4R4HMA44BOIRV7TXLKGKY251K1V4KF01CBANA40RW5MLKJXFM3QKU5KF0O70R4JRC2EHF6B3MFDCYABDMS3CXW22 MSOBSR8H5BQ2OJVHYPE6578DMX4VOXGBNLEKQ75XBV1G1OA5SN0SYDXF7M0JYXHN6MD4BWNL2 Y6TBX6O7CHN6R3TK17DEED8WRW4G77HKY2RIRT1GHBEGGGE72AQ6XMLJK3U ', 16, 9);

INSERT INTO forum (fid, uid, genreId, createTime, content, readAmout, rewardIntegral) VALUES (5, 18, 12, '1211-3-14 13:14:16', 'R8CKG8QW64WGDMHJ5FK10L0O5ELNP4C2M010O4RN0Y0DW0CECOJJJ5ARKFBB0QNYKJPWUD1EG OBVBLFYN88ABUX47ER9YYBNO0910XE3JYH Q LDK7QVN34318624LDH2D8A8WD0WJ4TPGFAGNMO2NV71TS0S2W03UVGKMLKYQGXY1YW3HI3R77L2SUJT18JX4CDVXVMIJQNH PR182D4OPTQIN0D95VJJVR7SKE2LBDMPTTO10PY4HSGXJQVR16O5L8YAHL 7JBVOWG4S168Q5VHOUU1LS0ULSCSS37BCQK4N3FBYWQ9VVTS2 GU3TDE7PJMNBPYMC8HH4YYPEAM2CR5 CKKO3NE O4NIKYKBS7F57LHUCN6YTB23E1SX2LQJ CF3V8LBJCKT1C6ULI1F1FXMNQBKSG062EPCR7992EXUYN4T0GOEAHTGKA9ISTPV9CJB9YKDY3ROR92JI2R3E8N7PE1U6P1704A70 9IPXL SGOG2O9QPX23OJCQIIYFSMKF26YAXE9IXSBOMOGU44K 153L 3AI1M9H4T V9XU9LC5X6BXY2UCFFKJX8NK CTM2CNH4DRR9PI4MSOGXGIGLK28EIU438T12GRCLW3MUP5 TIU5MRWOC4QYVHP2Q92BFOO9GK2EENJ88GQF409L6TNSBGOCG21GBSCPJ6NBI2958Q9YOR8LAFT4X8MMFB0S341XBFRWV FTVJ6OP2TRHQ1L 5TCKN6V6HK Y78XE0H3T04TPJH37L44X1WRBRQM791O8ASG4ABMDFOWFA28MURWFAYXWGN70C0LNL2T9G6SM0DQP UPICIG7VIM4GV0G5F5A LO4QST52JDKUGSA2VK86DFHK9RPONGYFUY9S7PAWJ76LYH3X98K8WR3NKHYEHG1W4UBWX60UIUVHUOOWYVHKRPSJGGOC3WMCQS4VVSXBM75A YF160D619Y4G8D11AHUTKO CVCPUINDNPFC2LSOB3RD2MSM', 11, 6);

INSERT INTO forumGenre (id, genreName) VALUES (3, 'NCFDQX9TOA58CY5R24 L');

INSERT INTO forumGenre (id, genreName) VALUES (19, '0G82QUJROQCJX79I2CIU');

INSERT INTO forumGenre (id, genreName) VALUES (5, 'B9OSO7S8R3LECVLITFQ1');

INSERT INTO forumGenre (id, genreName) VALUES (18, 'FRP0LP2BRPWJNYQU2GAU');

INSERT INTO forumGenre (id, genreName) VALUES (8, '31LQ0G2VJVJT L26PT3A');

INSERT INTO forumGenre (id, genreName) VALUES (7, 'HAWQH63D ERFSXJ6MLP6');

INSERT INTO forumGenre (id, genreName) VALUES (4, 'YFIIBKNPRB70SL6R1I6A');

INSERT INTO forumGenre (id, genreName) VALUES (10, 'V0IC3EOAOYP3H3XKABVO');

INSERT INTO forumGenre (id, genreName) VALUES (9, 'MT 26GGIXD4K2J0GKXUN');

INSERT INTO forumGenre (id, genreName) VALUES (1, 'RWXX5ULJPOP2L1B04TOW');

INSERT INTO forumGenre (id, genreName) VALUES (13, 'JUB4M5GDBAUQ3AHCFC57');

INSERT INTO forumGenre (id, genreName) VALUES (11, 'DS79IO8M4O4WFHA O3LU');

INSERT INTO forumGenre (id, genreName) VALUES (6, ' MYOLJ0WD9Y1TAUYBEIU');

INSERT INTO forumGenre (id, genreName) VALUES (2, '66QBNIGGV0W09C688JF1');

INSERT INTO forumGenre (id, genreName) VALUES (17, 'YL30A343R WO  T7W92Y');

INSERT INTO forumGenre (id, genreName) VALUES (15, 'V6JGCGJAL28038HQWBY4');

INSERT INTO forumGenre (id, genreName) VALUES (14, ' A17B0VA7YJLEMVLCYD7');

INSERT INTO forumGenre (id, genreName) VALUES (12, 'MFR374K62UYE HU7CY1D');

INSERT INTO forumGenre (id, genreName) VALUES (16, 'E9B4L3TT932 RQ KNGXS');

INSERT INTO `like` (id, likeAmout) VALUES (19, 18);

INSERT INTO `like` (id, likeAmout) VALUES (11, 14);

INSERT INTO `like` (id, likeAmout) VALUES (13, 6);

INSERT INTO `like` (id, likeAmout) VALUES (15, 17);

INSERT INTO `like` (id, likeAmout) VALUES (8, 19);

INSERT INTO `like` (id, likeAmout) VALUES (12, 12);

INSERT INTO `like` (id, likeAmout) VALUES (5, 3);

INSERT INTO `like` (id, likeAmout) VALUES (3, 13);

INSERT INTO `like` (id, likeAmout) VALUES (17, 8);

INSERT INTO `like` (id, likeAmout) VALUES (18, 0);

INSERT INTO `like` (id, likeAmout) VALUES (16, 9);

INSERT INTO `like` (id, likeAmout) VALUES (2, 7);

INSERT INTO `like` (id, likeAmout) VALUES (9, 2);

INSERT INTO `like` (id, likeAmout) VALUES (14, 1);

INSERT INTO `like` (id, likeAmout) VALUES (7, 4);

INSERT INTO `like` (id, likeAmout) VALUES (4, 10);

INSERT INTO `like` (id, likeAmout) VALUES (1, 11);

INSERT INTO `like` (id, likeAmout) VALUES (6, 15);

INSERT INTO `like` (id, likeAmout) VALUES (10, 5);

INSERT INTO reply (id, uid, createTime, content, downloadId, blogId) VALUES (6, 14, '59-6-9 0:55:42', '2LQR3PUFHKOFNKU5A0Y5W39VDJTNFWY36UF02LCMTX0BN2QW6H5INBLVA5BC304IJC7KDMQ3BNO0H20TNXC348BB 0M31W0OY N0', 10, 6);

INSERT INTO reply (id, uid, createTime, content, downloadId, blogId) VALUES (3, 13, '827-10-28 9:12:55', 'LED3L5O 5V04DL4FY11OED7RXXRG0BCSIS572IXIWXLESB2X65VQD4J5MN051JVA9OFGVHGUAV8N5OTX 1JRFU7XCPXH5IYT676B', 1, 19);

INSERT INTO reply (id, uid, createTime, content, downloadId, blogId) VALUES (10, 12, '441-7-2 5:3:11', 'YHA55GU9GU2PWF7CXSOPK 9JAR8J LVL2JIFKMV2IOHDR5LJYULY G8V4IFLLAIJPE7OYFEBXPT0M50TGKK3OBMD5IA 9VLS5GIR', 3, 16);

INSERT INTO reply (id, uid, createTime, content, downloadId, blogId) VALUES (2, 19, '1669-9-22 18:24:35', ' 3WM11UKVN91247GYVPEKCLMF18GHOLEL2H  JBW4XMFAE78EKCOG25AYP YKTNA1UQWPO4TCF0OCWAKV2XDNKTRUV0515V0S6S6', 9, 19);

INSERT INTO reply (id, uid, createTime, content, downloadId, blogId) VALUES (4, 17, '1606-10-25 16:59:21', 'XK2YQSRV9S6HK4C0O8GNISYDBQK1OVC33 1WRRUGVWNXVO J 8YIKS 9L6YSS0JAHE 77BPDQPIQJUVCOA9RWDUXUTFJGP5U6XU7', 17, 14);

INSERT INTO reply (id, uid, createTime, content, downloadId, blogId) VALUES (1, 8, '877-7-5 10:11:0', '5JBV9CLNKUG7QVCSP7RVUM9HBBE8YAL8XM7NJNQC75RAV17TH4K 37WQBC3CHW9H31ETK1VD18D6KKV002IJ UPCNFKF5UV3MAIX', 1, 17);

INSERT INTO reply (id, uid, createTime, content, downloadId, blogId) VALUES (8, 16, '201-9-15 2:11:16', '0MW7XWDU5SEH98HBKH56SBO72UI3N4MUE5T7Y COMTV6MVUFRQP4I1RR99ADNDEX 2KOKJHIWCFYNGHC7SUUUNSMG5CTD3 VUG7S', 10, 4);

INSERT INTO reply (id, uid, createTime, content, downloadId, blogId) VALUES (16, 8, '1534-10-31 15:35:41', 'FQFJKQ6N8KW2DL525G6O57T4TG3VT0QNHXFD1 DYJY VGP590UW8NSX AT EH5B91L71JT6F1KAKICHXBFH11VXXEMFGAX ILG1Y', 8, 14);

INSERT INTO reply (id, uid, createTime, content, downloadId, blogId) VALUES (13, 8, '574-11-3 6:39:41', 'CQCDCNKF E8CP09M1JGI8EEFC1LQ3ODX1UFK6O5RUBAYVVJVJXNI1B0HBTUJ4MD3KPSMC3JPKQVW0XPVIQ7T0Q8HA4KNBU4 VJTM', 11, 6);

INSERT INTO reply (id, uid, createTime, content, downloadId, blogId) VALUES (12, 8, '1338-6-26 13:52:1', 'T577GYBL2MO2TKIF9HRK06HY9VDOSCXKWA2PKYWEALYC5N C7LSDXQH9SDCSUOLB33N SDYK4JH X 4CK83UAAD927SACT9PACX7', 19, 9);

INSERT INTO reply (id, uid, createTime, content, downloadId, blogId) VALUES (7, 17, '1221-7-17 12:58:10', 'RIT8DEUMD3F8AQXF6Y1JHB0JFOHGKVH0XCYH391DI9EONJ5WEIENSVSC TS5CSDFIFP9NAPQ3DL86B2IJED0Y5IWOGQC9B7TI2LG', 14, 14);

INSERT INTO reply (id, uid, createTime, content, downloadId, blogId) VALUES (15, 15, '1456-12-3 14:21:58', 'NVWJP NCPTKU P X7N2RYHYGCR51O63U0LB5OA5GB11YY67O4XU 3G2USPUBKAQ4W35955QUE2G9B72CJSTX2JRP4TJBKP1WS82Y', 5, 0);

INSERT INTO reply (id, uid, createTime, content, downloadId, blogId) VALUES (9, 5, '710-12-9 7:59:16', '134OM69MVWM0J5GGPLQ75XW1QALNG0CS0B02XQG93X0MJ3QRL5OFY19Y0K1RWLQOKN60JCLUAOD16U9I2BEAXAEW2Q0LFAKYYKCG', 16, 19);

INSERT INTO reply (id, uid, createTime, content, downloadId, blogId) VALUES (11, 9, '491-7-11 5:33:2', 'YRQFI7T1GS1OAYOPO0M6DO5CNKNC67D7 TGHM5K9JHPR6ICE6MTE5X85F2E03E3 OLWVAVTB0OELG493LSDPHLY0YKNIALCFDAQV', 17, 19);

INSERT INTO reply (id, uid, createTime, content, downloadId, blogId) VALUES (19, 13, '1-1-1 0:0:0', 'WEVOM5SELMACG96I4J3WM0VR4X22R735NC QG 1WUDDNH QRN9GN5G15R46COXRUJ1HSWCW3AJGFT10PIUV K7MH5MOME2YEAFP0', 3, 14);

INSERT INTO reply (id, uid, createTime, content, downloadId, blogId) VALUES (18, 16, '1126-2-4 12:28:13', 'JJNHRVI PNI1R56L5NNV0JI6BGHRI61KD11YURKIT9AXFLB1FCOXULQ493M8GJXGJJESX9N40EYT5A7SA1SNX6EL838H9GQKJTMO', 14, 2);

INSERT INTO reply (id, uid, createTime, content, downloadId, blogId) VALUES (5, 13, '1909-6-1 19:51:58', '84VUISKOG0S6TKMFDDLIJRPOTH0S4T1QOQAMQASSL52JG A1YUGSTJXCSX8SDNLF042AGXTWOS11UHIQC 47X1DDMOX8MLPORYDK', 10, 11);

INSERT INTO reply (id, uid, createTime, content, downloadId, blogId) VALUES (14, 7, '1015-7-28 11:5:17', 'M1KXSK EUH4S6OFEUNC2N9ISIVCJY3 IGCHN7RPP E9HJ90N1EK4I8URFGWTWV3P FWOFH6U4YT2YGKF7N6G86KA8FO6DC3FPX2J', 5, 2);

INSERT INTO reply (id, uid, createTime, content, downloadId, blogId) VALUES (17, 5, '1816-6-1 19:4:50', '4YVVC33P8YAH8XV42IU4 31RFTELX67O7ON9HHKEINU2UCH0MPFFFEEJ9NYMQ6NFW70T9BM59IGPIQSVSGIS2Y7EHI8B IQ0QBXV', 19, 5);

INSERT INTO replyForum (id, fid, uid, createTime, getIntegral, FLOOR) VALUES (7, 5, 7, '1022-1-17 10:22:18', 18, 7);

INSERT INTO replyForum (id, fid, uid, createTime, getIntegral, FLOOR) VALUES (18, 16, 1, '1419-3-29 14:29:29', 7, 13);

INSERT INTO replyForum (id, fid, uid, createTime, getIntegral, FLOOR) VALUES (17, 12, 17, '1104-9-26 11:33:6', 0, 6);

INSERT INTO replyForum (id, fid, uid, createTime, getIntegral, FLOOR) VALUES (14, 7, 6, '919-3-20 8:53:36', 10, 5);

INSERT INTO replyForum (id, fid, uid, createTime, getIntegral, FLOOR) VALUES (5, 8, 14, '263-3-27 2:50:28', 16, 4);

INSERT INTO replyForum (id, fid, uid, createTime, getIntegral, FLOOR) VALUES (19, 13, 8, '1211-10-18 12:48:58', 9, 12);

INSERT INTO replyForum (id, fid, uid, createTime, getIntegral, FLOOR) VALUES (11, 16, 8, '327-6-18 4:10:5', 12, 10);

INSERT INTO replyForum (id, fid, uid, createTime, getIntegral, FLOOR) VALUES (1, 8, 3, '637-3-19 6:35:41', 2, 9);

INSERT INTO replyForum (id, fid, uid, createTime, getIntegral, FLOOR) VALUES (12, 12, 2, '1278-1-28 13:57:38', 11, 2);

INSERT INTO replyForum (id, fid, uid, createTime, getIntegral, FLOOR) VALUES (10, 4, 1, '806-5-11 8:19:2', 6, 8);

INSERT INTO replyForum (id, fid, uid, createTime, getIntegral, FLOOR) VALUES (8, 18, 15, '1740-5-26 17:20:39', 19, 15);

INSERT INTO replyForum (id, fid, uid, createTime, getIntegral, FLOOR) VALUES (13, 2, 17, '727-4-28 7:37:32', 3, 1);

INSERT INTO replyForum (id, fid, uid, createTime, getIntegral, FLOOR) VALUES (2, 4, 18, '134-12-24 1:58:49', 1, 19);

INSERT INTO replyForum (id, fid, uid, createTime, getIntegral, FLOOR) VALUES (16, 4, 5, '1855-9-18 18:46:6', 15, 3);

INSERT INTO replyForum (id, fid, uid, createTime, getIntegral, FLOOR) VALUES (6, 13, 16, '1510-5-21 15:37:4', 5, 14);

INSERT INTO replyForum (id, fid, uid, createTime, getIntegral, FLOOR) VALUES (3, 11, 6, '1634-11-3 16:28:7', 8, 11);

INSERT INTO replyForum (id, fid, uid, createTime, getIntegral, FLOOR) VALUES (4, 10, 7, '1-1-1 0:0:0', 17, 0);

INSERT INTO replyForum (id, fid, uid, createTime, getIntegral, FLOOR) VALUES (9, 13, 17, '504-12-10 5:53:26', 4, 18);

INSERT INTO replyForum (id, fid, uid, createTime, getIntegral, FLOOR) VALUES (15, 18, 3, '428-5-15 5:3:17', 13, 16);

INSERT INTO resourceType (id, genreName) VALUES (4, '19SPS5XQFWPCUXX5FXMP');

INSERT INTO resourceType (id, genreName) VALUES (16, '5OPLSFYLFVDIXCMOUH 9');

INSERT INTO resourceType (id, genreName) VALUES (7, 'J38EI3SW7FSQV7FD97TF');

INSERT INTO resourceType (id, genreName) VALUES (11, 'BPDFJFI1UHCXPH7A360A');

INSERT INTO resourceType (id, genreName) VALUES (2, ' BLI4UOSWWH6K4AFBNCI');

INSERT INTO resourceType (id, genreName) VALUES (1, 'W58E979ESVP5C3QAEARA');

INSERT INTO resourceType (id, genreName) VALUES (3, 'RMX6C0SQ  KU S1U0BO3');

INSERT INTO resourceType (id, genreName) VALUES (18, 'M56YA1JB7F3SC8QVPHR ');

INSERT INTO resourceType (id, genreName) VALUES (6, 'Q1ET0X8X2JETMCUN7B0X');

INSERT INTO resourceType (id, genreName) VALUES (8, 'UI9QHE6NJY7F6DLARIJX');

INSERT INTO resourceType (id, genreName) VALUES (13, '0G00P AQVPQEK124FK81');

INSERT INTO resourceType (id, genreName) VALUES (12, 'Q49SB7M2XLRJUDS4NV96');

INSERT INTO resourceType (id, genreName) VALUES (9, '5OV3WENP75NKNDWJTRAW');

INSERT INTO resourceType (id, genreName) VALUES (15, 'XJ1I5QR0LDE5WE1F G6A');

INSERT INTO resourceType (id, genreName) VALUES (5, 'SGYKCI6EC33S5XB621PL');

INSERT INTO resourceType (id, genreName) VALUES (19, 'L B5EHA84CE6CQ6X4J98');

INSERT INTO resourceType (id, genreName) VALUES (17, 'VRTA22QI1XMJORX2ORJ3');

INSERT INTO resourceType (id, genreName) VALUES (10, '9529T134YUUGKQ69GFNT');

INSERT INTO resourceType (id, genreName) VALUES (14, 'T9HMI057BWEMV8KAP2Q4');

INSERT INTO skillType (id, genreName) VALUES (8, '25NNJHDRNDJY5I1HRJTG');

INSERT INTO skillType (id, genreName) VALUES (16, 'GHESTSFH9VGN89AYM0IG');

INSERT INTO skillType (id, genreName) VALUES (11, '3FKVJ1WMSICTBRV19V7N');

INSERT INTO skillType (id, genreName) VALUES (15, 'KSHYLT8BRP OM9RTGFRQ');

INSERT INTO skillType (id, genreName) VALUES (14, '2UUR LOTAMQU81CXSA8C');

INSERT INTO skillType (id, genreName) VALUES (6, '9YGVU8SXN3PMLRCRL0 X');

INSERT INTO skillType (id, genreName) VALUES (1, '25U8KXO2RWSXSE4RW06H');

INSERT INTO skillType (id, genreName) VALUES (12, 'D80C6K6TQKGQE6985UB ');

INSERT INTO skillType (id, genreName) VALUES (17, 'DP9XHAKGV7QDT63LPR3 ');

INSERT INTO skillType (id, genreName) VALUES (9, 'HC2F0MGV2Y2GHE0NL4PM');

INSERT INTO skillType (id, genreName) VALUES (13, ' FVEQW2714YWA8J5KQYT');

INSERT INTO skillType (id, genreName) VALUES (18, 'P7ECVWFYS61XCIAX99R ');

INSERT INTO skillType (id, genreName) VALUES (19, 'VQSN2V76P1F4Y9HG8D79');

INSERT INTO skillType (id, genreName) VALUES (4, '4EQ51MQWZTMUTXUX0M3Q');

INSERT INTO skillType (id, genreName) VALUES (7, 'VARI2M2P4D2G2OM1Y86P');

INSERT INTO skillType (id, genreName) VALUES (2, 'T QOGCGWWQS3GM 6OKM1');

INSERT INTO skillType (id, genreName) VALUES (5, '2NY1KJ6E 1OB4WXE8W39');

INSERT INTO skillType (id, genreName) VALUES (10, 'R5OMRC9TU48CF8 YUEK3');

INSERT INTO skillType (id, genreName) VALUES (3, 'T1H8QIL0HSHB3NOM 4XP');

INSERT INTO topUp (id, uid, account, createTime) VALUES (4, 15, 17, '901-12-15 11:39:29');

INSERT INTO topUp (id, uid, account, createTime) VALUES (7, 4, 3, '1673-10-18 19:24:32');

INSERT INTO topUp (id, uid, account, createTime) VALUES (13, 0, 10, '285-2-18 4:6:52');

INSERT INTO topUp (id, uid, account, createTime) VALUES (12, 12, 0, '76-2-10 1:24:36');

INSERT INTO topUp (id, uid, account, createTime) VALUES (18, 6, 11, '220-4-15 2:50:58');

INSERT INTO topUp (id, uid, account, createTime) VALUES (16, 18, 18, '488-6-17 6:40:42');

INSERT INTO topUp (id, uid, account, createTime) VALUES (9, 0, 1, '1323-5-16 15:55:36');

INSERT INTO topUp (id, uid, account, createTime) VALUES (17, 11, 5, '704-6-2 8:41:8');

INSERT INTO topUp (id, uid, account, createTime) VALUES (11, 5, 6, '1033-6-20 13:6:32');

INSERT INTO topUp (id, uid, account, createTime) VALUES (10, 7, 2, '833-12-6 10:39:56');

INSERT INTO topUp (id, uid, account, createTime) VALUES (8, 18, 7, '1726-3-17 20:43:46');

INSERT INTO topUp (id, uid, account, createTime) VALUES (2, 1, 12, '1497-5-7 18:15:28');

INSERT INTO topUp (id, uid, account, createTime) VALUES (3, 11, 9, '1263-5-4 15:16:13');

INSERT INTO topUp (id, uid, account, createTime) VALUES (14, 3, 13, '566-2-5 8:2:6');

INSERT INTO topUp (id, uid, account, createTime) VALUES (5, 1, 8, '1-1-1 0:0:0');

INSERT INTO topUp (id, uid, account, createTime) VALUES (6, 1, 19, '1378-12-27 17:8:24');

INSERT INTO topUp (id, uid, account, createTime) VALUES (1, 2, 4, '756-8-20 9:23:1');

INSERT INTO topUp (id, uid, account, createTime) VALUES (19, 13, 16, '349-1-12 5:16:34');

INSERT INTO topUp (id, uid, account, createTime) VALUES (15, 9, 15, '1125-7-19 13:59:38');

INSERT INTO `USER` (uid, userName, userPassword, nickName, NAME, sex, email, STATUS, money, integral, `describe`) VALUES (17, 'G3M6BPRO10Y1F94QXBVP', 'F2AEJR EAYM6G6JS B76', 'BA0D52FX1GOT3YW04KAKFJXF02QQ64', '1MUO61XMEA7BPW5 HP6V', '   3', ' RFOGK3H2NXE5RW7GTIG', '8H2UD87UWCDEMAO5EFB1', 5, 10, 'WX GE3FO1GCPSV0 IHPR32GMP38KVVLIU JM5M7B3CLJN7G0K3');

INSERT INTO `USER` (uid, userName, userPassword, nickName, NAME, sex, email, STATUS, money, integral, `describe`) VALUES (18, 'AXKTRNI4YGOXO2R041AL', '1GQBMSKOQYW1F0BAGOEA', 'D0KDG6CXT2TUITAOGX1NSATHUIOBE5', 'TB4XUJ5OBH4QWQ 2P6M4', '   5', 'CLOEJ9 BQVQRE4BE44MG', '44EBIGLB3G068TA2UOX8', 8, 12, 'PU0PYYSMKX82TKORUUTPCS7JI8X1PS3D4B6J1HU1MRR W30RL0');

INSERT INTO `USER` (uid, userName, userPassword, nickName, NAME, sex, email, STATUS, money, integral, `describe`) VALUES (6, '6UBVB AYLY1POAG4ERWW', '4H95E K170VYH3NE1MSB', 'MAM4A3EQ80EQIEKXJ2CDXBM6X38MLC', 'D06FI0BB9OKB1QMN75OR', '   6', 'HOU3SELKU2LYWN8WF99D', 'DNTTYK6NAYIAOPFY6DYC', 18, 6, 'SKA03L7GMJKF00OUQMKG7CGTYQR4GR3JRTRL8TIHTNKJPS5AC1');

INSERT INTO `USER` (uid, userName, userPassword, nickName, NAME, sex, email, STATUS, money, integral, `describe`) VALUES (9, 'HXT1JNOYK8MLK17PY72J', '40GBKA0F RRHMPJ54UD8', 'CL2LEA24317S04 F2L8N5UL64 B0HY', 'FBLFYMT0928S2VSIP3FN', '   7', '9MXIMFW3MT 8HLE OIDJ', 'PNFG41CLTKJU4KNV1FGS', 9, 16, 'EIBHLS2W5N5OT8SLL9OE5FIEXRDFS9DXBISVY4 YP0C0OKJ3H3');

INSERT INTO `USER` (uid, userName, userPassword, nickName, NAME, sex, email, STATUS, money, integral, `describe`) VALUES (13, '4GGHJ7EYFG B0MYE335F', '44RUUJMTLFAR8JQGKAK7', 'HK923SK39IOPNBO6RWMEYYFTS9JFXI', 'S27WFMNURVG72O7DAI54', '   8', 'G2NQN05ATE2TJ0GSM61L', '91C5D 0VADU8894CRGHU', 11, 15, 'K195HUR4D467WI2NEHV1BHYUGO1UEI5BAXD7420T7LCAJ 6B1T');

INSERT INTO `USER` (uid, userName, userPassword, nickName, NAME, sex, email, STATUS, money, integral, `describe`) VALUES (2, 'MPKLKB QNKPTJBJN669W', '4QNUFE400VLJYUB47Q3M', 'WULF7UC6E  ABN57XMXPN6E26LWOUL', '9Q5P94IIHMNEQ40WADAI', '   9', 'YX3WK3UEJOT7124V688H', 'YFI0V5E15 R36ONTV4O1', 17, 8, '4J73E038K5C12KBVH1G5MFI5PHNL8ASWUFLFBOYOFD2 RPA6WT');

INSERT INTO `USER` (uid, userName, userPassword, nickName, NAME, sex, email, STATUS, money, integral, `describe`) VALUES (5, 'FD1PVNWT2FKM2J2XH699', 'HOR5Y0UIPKHCXM1N0HJD', 'XH6DXD3CNMM4YI11EJQW8TJ2GMT80G', 'YNV2CEQIBD72YO15M3LY', '   A', '6I8GKF82DPWTP3ANEESN', '92L J 7 G37LD6YTPFWT', 10, 19, '7AEQ4L4K8MKJWAL9Y41C M44VMJU1NDIPN1T08T0XEKEP4BFJV');

INSERT INTO `USER` (uid, userName, userPassword, nickName, NAME, sex, email, STATUS, money, integral, `describe`) VALUES (19, 'PBMWS GVRW42CY2DCGMO', 'H3DOPOBHLVMCEPLK6010', '3RL9HF0TREXIBFJBQBAYCC37KG5R4K', 'G1U99PGXTNU2O90FAM2C', '   B', 'T WR7CHCY0CWF6824MEB', '62AUAH5HX8633BHSUYN5', 13, 11, 'QO75NTPAQGIO5U F73A E707GES F14EGQSWAO8BI8T3PDPUF7');

INSERT INTO `USER` (uid, userName, userPassword, nickName, NAME, sex, email, STATUS, money, integral, `describe`) VALUES (1, 'MDWQH39IWYDLC1CFAI2W', 'KHXKBU3Q7N UUU0YMWBP', 'RR5KDSBP4CX AR NRU99TMJ MWY0P6', 'V2SKIPSS6WWF331HUJQQ', '   C', '767PB7262GJ1TRVY2YT3', 'LQCSCTTULIEKAJKB9PKY', 19, 14, '87 7HHBEU1N08H7S50UPQ4X69E3F6732BU WYM8IP 821VUFS7');

INSERT INTO `USER` (uid, userName, userPassword, nickName, NAME, sex, email, STATUS, money, integral, `describe`) VALUES (11, 'CE52HEPONQ7TEFU1F2FO', 'WIY1DKT7OKP066PP613D', 'B9LPRUVHLM5G8G1TJCD8CV6AGOI RR', '3EPJ46KDXQAV63FB WCX', '   D', 'EGNKTR7I0K5YWJF83H4S', '1U V24OS9G4DAWN40AQD', 16, 4, 'GO530J8HO1FTMW3CAXO047E1PNBF7JDQP33QNWDV932Y67DQ5R');

INSERT INTO `USER` (uid, userName, userPassword, nickName, NAME, sex, email, STATUS, money, integral, `describe`) VALUES (14, 'WRA5QKLIQVWGX0Q3NO80', 'EQ1DE9DUYLKRU0B9RYK8', 'F20PHIOSUCPFPP8GKNARNPNHP4M06H', 'EG JUTBUF3P15UFH PX0', '   E', '214XON 13PU2SUC 3FXN', ' 8INTNBNW4P 2Q1NMHDK', 0, 0, 'K6V42Y31K  7QBJBTGM2DK09E1 S0I8M8K7920TAWESWU8CH7T');

INSERT INTO `USER` (uid, userName, userPassword, nickName, NAME, sex, email, STATUS, money, integral, `describe`) VALUES (7, 'TI PBXQRBD FXFLAV25V', 'I8J6VOKHQX4PTKCFK0RI', '0WU5734EHV8TC3XODTGRY0NHQMWYYF', '1DOLUWA3ANVC3E2Y K2N', '   F', 'UKY3MJMCDD97AP3PKLRS', 'B25BQ215W50O8R2UKAU1', 15, 2, 'O664J DG3P2RNHXQTWV0M73L4AVCXGUDEMTMWFKMG9T0W5I88I');

INSERT INTO `USER` (uid, userName, userPassword, nickName, NAME, sex, email, STATUS, money, integral, `describe`) VALUES (15, '5VUTXVTY2FU2R97UY5T3', ' OCFOUU0KDXR84VWYV56', 'NKKYLRBDTLNR3 OGQ20QH8OY1T27E1', ' 8FBOY1NF5OJNOIYF692', '   G', '471AEVU6B3WC76B8 MI5', 'WWJY9F0R2PY8 5XM4YJ ', 14, 18, '3BSELIED30GWYNC3INHNB0Y4LGT6KN  JTX8G5 F02JAFBWJMD');

INSERT INTO `USER` (uid, userName, userPassword, nickName, NAME, sex, email, STATUS, money, integral, `describe`) VALUES (3, ' S9PN4F0HLJU8K4GUMA7', '5VLS OAH3FPWQ9TG3TAY', 'V2MCASIN8BMDNHMEA3OHFOHK0831 C', 'OTVBQY1VUFT24XJKTID5', '   H', '9OGS3RRRHRUIGWGUADPR', 'YWO3LI1JO98OWC7Q777I', 12, 3, '7SN0X8K3KCY9HH 0GMWH2PR65WATKODMEHA019901B2EYPTSUY');

INSERT INTO `USER` (uid, userName, userPassword, nickName, NAME, sex, email, STATUS, money, integral, `describe`) VALUES (4, 'WQBM341GQWDE56W9 L9T', 'WV4QOVV6VAWVWUXEB2YE', '084YH0WGK65H41RC954BWMSDJYVATG', 'O4P51AW1W382NPT 9SFI', '   I', '1I6KL8 GX4JNUDUC5B1J', 'LD0DMT92JKD8JQB A7IN', 4, 7, '5X02449KBBOT0DR35G9M26KHDPL277F5GIGMLJIE72FTLLH6S3');

INSERT INTO `USER` (uid, userName, userPassword, nickName, NAME, sex, email, STATUS, money, integral, `describe`) VALUES (16, 'XGCOXSL850SLGAJ4L9QC', 'NX69KGVDS1KMET5KWHL1', 'SIQVUR7R CU8P5NY8XJVKA986TUYLA', 'T2O4NVSN L6U5V9 HEMF', '    ', 'CO04TWSRHJNU54K8CVUF', 'Q24SF5YO08KAEB770 PE', 7, 5, 'MD1WNQEUUKA14NM2FLSXJPC6PCFU73BO4WBX3SCF0IDMBP5BUI');

INSERT INTO `USER` (uid, userName, userPassword, nickName, NAME, sex, email, STATUS, money, integral, `describe`) VALUES (12, '4CAL23GH55093 GKLSO5', 'QX33N3LCNL55P7DG863Q', 'TFNDNVM2IV34P6 F5I714ODY92KBRR', 'NL0 XE4FXQVT6B6NIFE ', '   0', 'W2QY3UQ9L9KJ 29XA7G6', ' 8W2DL9PDUTJP TPX8AR', 2, 1, 'EDFIRU9CU5 0K MU6L6135BJYSQD72J5BGLQ57R1F68T1VV44S');

INSERT INTO `USER` (uid, userName, userPassword, nickName, NAME, sex, email, STATUS, money, integral, `describe`) VALUES (8, '2EDAJYAQ3AQGO4S6HL29', 'EWQ41HLMUC92 KLEY78 ', 'ACC4CO09IIGNYFYAW3384VD31KALA4', ' 18S2 LE4ULMDW5CAU3Y', '   1', 'YVJ1 8HDQHX9OCS6WMKH', '4BQIHNDDCEDEBHM7MAEO', 1, 13, 'KS5OVINVHHK77KMAXYUKT U0T9V6KYQWC1NTPJ8T4KPLI4GKPM');

INSERT INTO `USER` (uid, userName, userPassword, nickName, NAME, sex, email, STATUS, money, integral, `describe`) VALUES (10, 'OJRIUXWOYNH7UI8YDDUM', '5TBLP9KS 2P3F4 19TPF', 'JGWS3W2IYWHBH5HNN9TXTV2FRGYEU2', '5UIOKMAY2OB5K FI YOT', '   2', 'Y9J950NWCKG6H1EJAXY ', 'VOC7 5COQURFD6YKRSK3', 3, 17, 'U3VX0C TSSAUTU0MHAR4N0N2Q3 G7HMYS5B WCDPAMJJA2E43W');


DELETE FROM forumGenre WHERE id=0;
DELETE FROM forum WHERE fid=0;
DELETE FROM skillType WHERE id=0;
DELETE FROM resourceType WHERE id=0;
DELETE FROM download WHERE did=0;
DELETE FROM `USER` WHERE uid=0;
DELETE FROM concern WHERE id=0;
DELETE FROM downloadComment WHERE id=0;
DELETE FROM topUp WHERE id=0;
DELETE FROM reply WHERE id=0;
DELETE FROM blogComment WHERE id=0;
DELETE FROM blog WHERE bid=0;
DELETE FROM blogGenre WHERE id=0;
DELETE FROM `like` WHERE id=0;

UPDATE  replyForum SET content='aaa';


